 [
  {
  "sha": "f6f9f9de41c48382c70cbccc253db198e3cdc128",
  "commit": {
  "author": {
  "name": "hadley",
  "email": "h.wickham@gmail.com",
  "date": "2016-11-21T16:59:28Z"
  },
  "committer": {
  "name": "hadley",
  "email": "h.wickham@gmail.com",
  "date": "2016-11-21T16:59:28Z"
  },
  "message": "Merge branch 'master' of github.com:tidyverse/ggplot2",
  "tree": {
  "sha": "5c9516cbad4863abd0254c04f75035a80a4421b5",
  "url": "https://api.github.com/repos/tidyverse/ggplot2/git/trees/5c9516cbad4863abd0254c04f75035a80a4421b5"
  },
  "url": "https://api.github.com/repos/tidyverse/ggplot2/git/commits/f6f9f9de41c48382c70cbccc253db198e3cdc128",
  "comment_count": 0
  },
  "url": "https://api.github.com/repos/tidyverse/ggplot2/commits/f6f9f9de41c48382c70cbccc253db198e3cdc128",
  "html_url": "https://github.com/tidyverse/ggplot2/commit/f6f9f9de41c48382c70cbccc253db198e3cdc128",
  "comments_url": "https://api.github.com/repos/tidyverse/ggplot2/commits/f6f9f9de41c48382c70cbccc253db198e3cdc128/comments",
  "author": {
  "login": "hadley",
  "id": 4196,
  "avatar_url": "https://avatars.githubusercontent.com/u/4196?v=3",
  "gravatar_id": "",
  "url": "https://api.github.com/users/hadley",
  "html_url": "https://github.com/hadley",
  "followers_url": "https://api.github.com/users/hadley/followers",
  "following_url": "https://api.github.com/users/hadley/following{/other_user}",
  "gists_url": "https://api.github.com/users/hadley/gists{/gist_id}",
  "starred_url": "https://api.github.com/users/hadley/starred{/owner}{/repo}",
  "subscriptions_url": "https://api.github.com/users/hadley/subscriptions",
  "organizations_url": "https://api.github.com/users/hadley/orgs",
  "repos_url": "https://api.github.com/users/hadley/repos",
  "events_url": "https://api.github.com/users/hadley/events{/privacy}",
  "received_events_url": "https://api.github.com/users/hadley/received_events",
  "type": "User",
  "site_admin": false
  },
  "committer": {
  "login": "hadley",
  "id": 4196,
  "avatar_url": "https://avatars.githubusercontent.com/u/4196?v=3",
  "gravatar_id": "",
  "url": "https://api.github.com/users/hadley",
  "html_url": "https://github.com/hadley",
  "followers_url": "https://api.github.com/users/hadley/followers",
  "following_url": "https://api.github.com/users/hadley/following{/other_user}",
  "gists_url": "https://api.github.com/users/hadley/gists{/gist_id}",
  "starred_url": "https://api.github.com/users/hadley/starred{/owner}{/repo}",
  "subscriptions_url": "https://api.github.com/users/hadley/subscriptions",
  "organizations_url": "https://api.github.com/users/hadley/orgs",
  "repos_url": "https://api.github.com/users/hadley/repos",
  "events_url": "https://api.github.com/users/hadley/events{/privacy}",
  "received_events_url": "https://api.github.com/users/hadley/received_events",
  "type": "User",
  "site_admin": false
  },
  "parents": [
              {
              "sha": "9b8313351510f66fdf8fc0fafe31d714d1eb7c70",
              "url": "https://api.github.com/repos/tidyverse/ggplot2/commits/9b8313351510f66fdf8fc0fafe31d714d1eb7c70",
              "html_url": "https://github.com/tidyverse/ggplot2/commit/9b8313351510f66fdf8fc0fafe31d714d1eb7c70"
              },
              {
              "sha": "e36e71a3bee6a34e29b74231a766d4e67a0d2942",
              "url": "https://api.github.com/repos/tidyverse/ggplot2/commits/e36e71a3bee6a34e29b74231a766d4e67a0d2942",
              "html_url": "https://github.com/tidyverse/ggplot2/commit/e36e71a3bee6a34e29b74231a766d4e67a0d2942"
              }
              ]
  },
  {
  "sha": "e36e71a3bee6a34e29b74231a766d4e67a0d2942",
  "commit": {
  "author": {
  "name": "Mikko Korpela",
  "email": "mvkorpel@iki.fi",
  "date": "2016-11-16T18:22:49Z"
  },
  "committer": {
  "name": "Hadley Wickham",
  "email": "h.wickham@gmail.com",
  "date": "2016-11-16T18:22:49Z"
  },
  "message": "Suspected typo / thinko: should use `axis.text` instead of `axis.ticks`. (#1912)",
  "tree": {
  "sha": "399a285ff9a12707ca743905a91331efcdf1c3d9",
  "url": "https://api.github.com/repos/tidyverse/ggplot2/git/trees/399a285ff9a12707ca743905a91331efcdf1c3d9"
  },
  "url": "https://api.github.com/repos/tidyverse/ggplot2/git/commits/e36e71a3bee6a34e29b74231a766d4e67a0d2942",
  "comment_count": 0
  },
  "url": "https://api.github.com/repos/tidyverse/ggplot2/commits/e36e71a3bee6a34e29b74231a766d4e67a0d2942",
  "html_url": "https://github.com/tidyverse/ggplot2/commit/e36e71a3bee6a34e29b74231a766d4e67a0d2942",
  "comments_url": "https://api.github.com/repos/tidyverse/ggplot2/commits/e36e71a3bee6a34e29b74231a766d4e67a0d2942/comments",
  "author": {
  "login": "mvkorpel",
  "id": 2980656,
  "avatar_url": "https://avatars.githubusercontent.com/u/2980656?v=3",
  "gravatar_id": "",
  "url": "https://api.github.com/users/mvkorpel",
  "html_url": "https://github.com/mvkorpel",
  "followers_url": "https://api.github.com/users/mvkorpel/followers",
  "following_url": "https://api.github.com/users/mvkorpel/following{/other_user}",
  "gists_url": "https://api.github.com/users/mvkorpel/gists{/gist_id}",
  "starred_url": "https://api.github.com/users/mvkorpel/starred{/owner}{/repo}",
  "subscriptions_url": "https://api.github.com/users/mvkorpel/subscriptions",
  "organizations_url": "https://api.github.com/users/mvkorpel/orgs",
  "repos_url": "https://api.github.com/users/mvkorpel/repos",
  "events_url": "https://api.github.com/users/mvkorpel/events{/privacy}",
  "received_events_url": "https://api.github.com/users/mvkorpel/received_events",
  "type": "User",
  "site_admin": false
  },
  "committer": {
  "login": "hadley",
  "id": 4196,
  "avatar_url": "https://avatars.githubusercontent.com/u/4196?v=3",
  "gravatar_id": "",
  "url": "https://api.github.com/users/hadley",
  "html_url": "https://github.com/hadley",
  "followers_url": "https://api.github.com/users/hadley/followers",
  "following_url": "https://api.github.com/users/hadley/following{/other_user}",
  "gists_url": "https://api.github.com/users/hadley/gists{/gist_id}",
  "starred_url": "https://api.github.com/users/hadley/starred{/owner}{/repo}",
  "subscriptions_url": "https://api.github.com/users/hadley/subscriptions",
  "organizations_url": "https://api.github.com/users/hadley/orgs",
  "repos_url": "https://api.github.com/users/hadley/repos",
  "events_url": "https://api.github.com/users/hadley/events{/privacy}",
  "received_events_url": "https://api.github.com/users/hadley/received_events",
  "type": "User",
  "site_admin": false
  },
  "parents": [
              {
              "sha": "0cf7c56f4234b6694d5dc2a4b8ab7892cbd5b4e6",
              "url": "https://api.github.com/repos/tidyverse/ggplot2/commits/0cf7c56f4234b6694d5dc2a4b8ab7892cbd5b4e6",
              "html_url": "https://github.com/tidyverse/ggplot2/commit/0cf7c56f4234b6694d5dc2a4b8ab7892cbd5b4e6"
              }
              ]
  },
  {
  "sha": "9b8313351510f66fdf8fc0fafe31d714d1eb7c70",
  "commit": {
  "author": {
  "name": "hadley",
  "email": "h.wickham@gmail.com",
  "date": "2016-11-14T16:43:33Z"
  },
  "committer": {
  "name": "hadley",
  "email": "h.wickham@gmail.com",
  "date": "2016-11-14T16:43:33Z"
  },
  "message": "Use development version",
  "tree": {
  "sha": "677acf10abe874b95084fe9e303814b4321ba00d",
  "url": "https://api.github.com/repos/tidyverse/ggplot2/git/trees/677acf10abe874b95084fe9e303814b4321ba00d"
  },
  "url": "https://api.github.com/repos/tidyverse/ggplot2/git/commits/9b8313351510f66fdf8fc0fafe31d714d1eb7c70",
  "comment_count": 0
  },
  "url": "https://api.github.com/repos/tidyverse/ggplot2/commits/9b8313351510f66fdf8fc0fafe31d714d1eb7c70",
  "html_url": "https://github.com/tidyverse/ggplot2/commit/9b8313351510f66fdf8fc0fafe31d714d1eb7c70",
  "comments_url": "https://api.github.com/repos/tidyverse/ggplot2/commits/9b8313351510f66fdf8fc0fafe31d714d1eb7c70/comments",
  "author": {
  "login": "hadley",
  "id": 4196,
  "avatar_url": "https://avatars.githubusercontent.com/u/4196?v=3",
  "gravatar_id": "",
  "url": "https://api.github.com/users/hadley",
  "html_url": "https://github.com/hadley",
  "followers_url": "https://api.github.com/users/hadley/followers",
  "following_url": "https://api.github.com/users/hadley/following{/other_user}",
  "gists_url": "https://api.github.com/users/hadley/gists{/gist_id}",
  "starred_url": "https://api.github.com/users/hadley/starred{/owner}{/repo}",
  "subscriptions_url": "https://api.github.com/users/hadley/subscriptions",
  "organizations_url": "https://api.github.com/users/hadley/orgs",
  "repos_url": "https://api.github.com/users/hadley/repos",
  "events_url": "https://api.github.com/users/hadley/events{/privacy}",
  "received_events_url": "https://api.github.com/users/hadley/received_events",
  "type": "User",
  "site_admin": false
  },
  "committer": {
  "login": "hadley",
  "id": 4196,
  "avatar_url": "https://avatars.githubusercontent.com/u/4196?v=3",
  "gravatar_id": "",
  "url": "https://api.github.com/users/hadley",
  "html_url": "https://github.com/hadley",
  "followers_url": "https://api.github.com/users/hadley/followers",
  "following_url": "https://api.github.com/users/hadley/following{/other_user}",
  "gists_url": "https://api.github.com/users/hadley/gists{/gist_id}",
  "starred_url": "https://api.github.com/users/hadley/starred{/owner}{/repo}",
  "subscriptions_url": "https://api.github.com/users/hadley/subscriptions",
  "organizations_url": "https://api.github.com/users/hadley/orgs",
  "repos_url": "https://api.github.com/users/hadley/repos",
  "events_url": "https://api.github.com/users/hadley/events{/privacy}",
  "received_events_url": "https://api.github.com/users/hadley/received_events",
  "type": "User",
  "site_admin": false
  },
  "parents": [
              {
              "sha": "0cf7c56f4234b6694d5dc2a4b8ab7892cbd5b4e6",
              "url": "https://api.github.com/repos/tidyverse/ggplot2/commits/0cf7c56f4234b6694d5dc2a4b8ab7892cbd5b4e6",
              "html_url": "https://github.com/tidyverse/ggplot2/commit/0cf7c56f4234b6694d5dc2a4b8ab7892cbd5b4e6"
              }
              ]
  },
  {
  "sha": "0cf7c56f4234b6694d5dc2a4b8ab7892cbd5b4e6",
  "commit": {
  "author": {
  "name": "hadley",
  "email": "h.wickham@gmail.com",
  "date": "2016-11-09T13:44:02Z"
  },
  "committer": {
  "name": "hadley",
  "email": "h.wickham@gmail.com",
  "date": "2016-11-09T13:44:02Z"
  },
  "message": "Resubmit",
  "tree": {
  "sha": "f263934bd6dd7daac14440451867d33a5a632b17",
  "url": "https://api.github.com/repos/tidyverse/ggplot2/git/trees/f263934bd6dd7daac14440451867d33a5a632b17"
  },
  "url": "https://api.github.com/repos/tidyverse/ggplot2/git/commits/0cf7c56f4234b6694d5dc2a4b8ab7892cbd5b4e6",
  "comment_count": 0
  },
  "url": "https://api.github.com/repos/tidyverse/ggplot2/commits/0cf7c56f4234b6694d5dc2a4b8ab7892cbd5b4e6",
  "html_url": "https://github.com/tidyverse/ggplot2/commit/0cf7c56f4234b6694d5dc2a4b8ab7892cbd5b4e6",
  "comments_url": "https://api.github.com/repos/tidyverse/ggplot2/commits/0cf7c56f4234b6694d5dc2a4b8ab7892cbd5b4e6/comments",
  "author": {
  "login": "hadley",
  "id": 4196,
  "avatar_url": "https://avatars.githubusercontent.com/u/4196?v=3",
  "gravatar_id": "",
  "url": "https://api.github.com/users/hadley",
  "html_url": "https://github.com/hadley",
  "followers_url": "https://api.github.com/users/hadley/followers",
  "following_url": "https://api.github.com/users/hadley/following{/other_user}",
  "gists_url": "https://api.github.com/users/hadley/gists{/gist_id}",
  "starred_url": "https://api.github.com/users/hadley/starred{/owner}{/repo}",
  "subscriptions_url": "https://api.github.com/users/hadley/subscriptions",
  "organizations_url": "https://api.github.com/users/hadley/orgs",
  "repos_url": "https://api.github.com/users/hadley/repos",
  "events_url": "https://api.github.com/users/hadley/events{/privacy}",
  "received_events_url": "https://api.github.com/users/hadley/received_events",
  "type": "User",
  "site_admin": false
  },
  "committer": {
  "login": "hadley",
  "id": 4196,
  "avatar_url": "https://avatars.githubusercontent.com/u/4196?v=3",
  "gravatar_id": "",
  "url": "https://api.github.com/users/hadley",
  "html_url": "https://github.com/hadley",
  "followers_url": "https://api.github.com/users/hadley/followers",
  "following_url": "https://api.github.com/users/hadley/following{/other_user}",
  "gists_url": "https://api.github.com/users/hadley/gists{/gist_id}",
  "starred_url": "https://api.github.com/users/hadley/starred{/owner}{/repo}",
  "subscriptions_url": "https://api.github.com/users/hadley/subscriptions",
  "organizations_url": "https://api.github.com/users/hadley/orgs",
  "repos_url": "https://api.github.com/users/hadley/repos",
  "events_url": "https://api.github.com/users/hadley/events{/privacy}",
  "received_events_url": "https://api.github.com/users/hadley/received_events",
  "type": "User",
  "site_admin": false
  },
  "parents": [
              {
              "sha": "f442f321094a73a24224ef349d28f59f4e8ef7b4",
              "url": "https://api.github.com/repos/tidyverse/ggplot2/commits/f442f321094a73a24224ef349d28f59f4e8ef7b4",
              "html_url": "https://github.com/tidyverse/ggplot2/commit/f442f321094a73a24224ef349d28f59f4e8ef7b4"
              }
              ]
  },
  {
  "sha": "f442f321094a73a24224ef349d28f59f4e8ef7b4",
  "commit": {
  "author": {
  "name": "hadley",
  "email": "h.wickham@gmail.com",
  "date": "2016-11-08T20:22:45Z"
  },
  "committer": {
  "name": "hadley",
  "email": "h.wickham@gmail.com",
  "date": "2016-11-08T20:22:45Z"
  },
  "message": "Prepare for submission",
  "tree": {
  "sha": "7640a95520adcd1fff9c395a98ca9654501015a1",
  "url": "https://api.github.com/repos/tidyverse/ggplot2/git/trees/7640a95520adcd1fff9c395a98ca9654501015a1"
  },
  "url": "https://api.github.com/repos/tidyverse/ggplot2/git/commits/f442f321094a73a24224ef349d28f59f4e8ef7b4",
  "comment_count": 0
  },
  "url": "https://api.github.com/repos/tidyverse/ggplot2/commits/f442f321094a73a24224ef349d28f59f4e8ef7b4",
  "html_url": "https://github.com/tidyverse/ggplot2/commit/f442f321094a73a24224ef349d28f59f4e8ef7b4",
  "comments_url": "https://api.github.com/repos/tidyverse/ggplot2/commits/f442f321094a73a24224ef349d28f59f4e8ef7b4/comments",
  "author": {
  "login": "hadley",
  "id": 4196,
  "avatar_url": "https://avatars.githubusercontent.com/u/4196?v=3",
  "gravatar_id": "",
  "url": "https://api.github.com/users/hadley",
  "html_url": "https://github.com/hadley",
  "followers_url": "https://api.github.com/users/hadley/followers",
  "following_url": "https://api.github.com/users/hadley/following{/other_user}",
  "gists_url": "https://api.github.com/users/hadley/gists{/gist_id}",
  "starred_url": "https://api.github.com/users/hadley/starred{/owner}{/repo}",
  "subscriptions_url": "https://api.github.com/users/hadley/subscriptions",
  "organizations_url": "https://api.github.com/users/hadley/orgs",
  "repos_url": "https://api.github.com/users/hadley/repos",
  "events_url": "https://api.github.com/users/hadley/events{/privacy}",
  "received_events_url": "https://api.github.com/users/hadley/received_events",
  "type": "User",
  "site_admin": false
  },
  "committer": {
  "login": "hadley",
  "id": 4196,
  "avatar_url": "https://avatars.githubusercontent.com/u/4196?v=3",
  "gravatar_id": "",
  "url": "https://api.github.com/users/hadley",
  "html_url": "https://github.com/hadley",
  "followers_url": "https://api.github.com/users/hadley/followers",
  "following_url": "https://api.github.com/users/hadley/following{/other_user}",
  "gists_url": "https://api.github.com/users/hadley/gists{/gist_id}",
  "starred_url": "https://api.github.com/users/hadley/starred{/owner}{/repo}",
  "subscriptions_url": "https://api.github.com/users/hadley/subscriptions",
  "organizations_url": "https://api.github.com/users/hadley/orgs",
  "repos_url": "https://api.github.com/users/hadley/repos",
  "events_url": "https://api.github.com/users/hadley/events{/privacy}",
  "received_events_url": "https://api.github.com/users/hadley/received_events",
  "type": "User",
  "site_admin": false
  },
  "parents": [
              {
              "sha": "7f04c255e0f586fd635cb173b7bedd6a7714cece",
              "url": "https://api.github.com/repos/tidyverse/ggplot2/commits/7f04c255e0f586fd635cb173b7bedd6a7714cece",
              "html_url": "https://github.com/tidyverse/ggplot2/commit/7f04c255e0f586fd635cb173b7bedd6a7714cece"
              }
              ]
  },
  {
  "sha": "7f04c255e0f586fd635cb173b7bedd6a7714cece",
  "commit": {
  "author": {
  "name": "hadley",
  "email": "h.wickham@gmail.com",
  "date": "2016-11-08T17:06:08Z"
  },
  "committer": {
  "name": "hadley",
  "email": "h.wickham@gmail.com",
  "date": "2016-11-08T17:06:08Z"
  },
  "message": "Categorise problems",
  "tree": {
  "sha": "7941c738c64bbab514481da6ce948a9fb1ffaef9",
  "url": "https://api.github.com/repos/tidyverse/ggplot2/git/trees/7941c738c64bbab514481da6ce948a9fb1ffaef9"
  },
  "url": "https://api.github.com/repos/tidyverse/ggplot2/git/commits/7f04c255e0f586fd635cb173b7bedd6a7714cece",
  "comment_count": 0
  },
  "url": "https://api.github.com/repos/tidyverse/ggplot2/commits/7f04c255e0f586fd635cb173b7bedd6a7714cece",
  "html_url": "https://github.com/tidyverse/ggplot2/commit/7f04c255e0f586fd635cb173b7bedd6a7714cece",
  "comments_url": "https://api.github.com/repos/tidyverse/ggplot2/commits/7f04c255e0f586fd635cb173b7bedd6a7714cece/comments",
  "author": {
  "login": "hadley",
  "id": 4196,
  "avatar_url": "https://avatars.githubusercontent.com/u/4196?v=3",
  "gravatar_id": "",
  "url": "https://api.github.com/users/hadley",
  "html_url": "https://github.com/hadley",
  "followers_url": "https://api.github.com/users/hadley/followers",
  "following_url": "https://api.github.com/users/hadley/following{/other_user}",
  "gists_url": "https://api.github.com/users/hadley/gists{/gist_id}",
  "starred_url": "https://api.github.com/users/hadley/starred{/owner}{/repo}",
  "subscriptions_url": "https://api.github.com/users/hadley/subscriptions",
  "organizations_url": "https://api.github.com/users/hadley/orgs",
  "repos_url": "https://api.github.com/users/hadley/repos",
  "events_url": "https://api.github.com/users/hadley/events{/privacy}",
  "received_events_url": "https://api.github.com/users/hadley/received_events",
  "type": "User",
  "site_admin": false
  },
  "committer": {
  "login": "hadley",
  "id": 4196,
  "avatar_url": "https://avatars.githubusercontent.com/u/4196?v=3",
  "gravatar_id": "",
  "url": "https://api.github.com/users/hadley",
  "html_url": "https://github.com/hadley",
  "followers_url": "https://api.github.com/users/hadley/followers",
  "following_url": "https://api.github.com/users/hadley/following{/other_user}",
  "gists_url": "https://api.github.com/users/hadley/gists{/gist_id}",
  "starred_url": "https://api.github.com/users/hadley/starred{/owner}{/repo}",
  "subscriptions_url": "https://api.github.com/users/hadley/subscriptions",
  "organizations_url": "https://api.github.com/users/hadley/orgs",
  "repos_url": "https://api.github.com/users/hadley/repos",
  "events_url": "https://api.github.com/users/hadley/events{/privacy}",
  "received_events_url": "https://api.github.com/users/hadley/received_events",
  "type": "User",
  "site_admin": false
  },
  "parents": [
              {
              "sha": "1a2a5b193b8c90ed7b1702f02ee9fd15b06cde1b",
              "url": "https://api.github.com/repos/tidyverse/ggplot2/commits/1a2a5b193b8c90ed7b1702f02ee9fd15b06cde1b",
              "html_url": "https://github.com/tidyverse/ggplot2/commit/1a2a5b193b8c90ed7b1702f02ee9fd15b06cde1b"
              }
              ]
  },
  {
  "sha": "1a2a5b193b8c90ed7b1702f02ee9fd15b06cde1b",
  "commit": {
  "author": {
  "name": "hadley",
  "email": "h.wickham@gmail.com",
  "date": "2016-11-08T16:23:21Z"
  },
  "committer": {
  "name": "hadley",
  "email": "h.wickham@gmail.com",
  "date": "2016-11-08T16:23:21Z"
  },
  "message": "Rerun revdeps",
  "tree": {
  "sha": "c98be058dc42b17d073baa8f4f8ba2e4b61b22d5",
  "url": "https://api.github.com/repos/tidyverse/ggplot2/git/trees/c98be058dc42b17d073baa8f4f8ba2e4b61b22d5"
  },
  "url": "https://api.github.com/repos/tidyverse/ggplot2/git/commits/1a2a5b193b8c90ed7b1702f02ee9fd15b06cde1b",
  "comment_count": 0
  },
  "url": "https://api.github.com/repos/tidyverse/ggplot2/commits/1a2a5b193b8c90ed7b1702f02ee9fd15b06cde1b",
  "html_url": "https://github.com/tidyverse/ggplot2/commit/1a2a5b193b8c90ed7b1702f02ee9fd15b06cde1b",
  "comments_url": "https://api.github.com/repos/tidyverse/ggplot2/commits/1a2a5b193b8c90ed7b1702f02ee9fd15b06cde1b/comments",
  "author": {
  "login": "hadley",
  "id": 4196,
  "avatar_url": "https://avatars.githubusercontent.com/u/4196?v=3",
  "gravatar_id": "",
  "url": "https://api.github.com/users/hadley",
  "html_url": "https://github.com/hadley",
  "followers_url": "https://api.github.com/users/hadley/followers",
  "following_url": "https://api.github.com/users/hadley/following{/other_user}",
  "gists_url": "https://api.github.com/users/hadley/gists{/gist_id}",
  "starred_url": "https://api.github.com/users/hadley/starred{/owner}{/repo}",
  "subscriptions_url": "https://api.github.com/users/hadley/subscriptions",
  "organizations_url": "https://api.github.com/users/hadley/orgs",
  "repos_url": "https://api.github.com/users/hadley/repos",
  "events_url": "https://api.github.com/users/hadley/events{/privacy}",
  "received_events_url": "https://api.github.com/users/hadley/received_events",
  "type": "User",
  "site_admin": false
  },
  "committer": {
  "login": "hadley",
  "id": 4196,
  "avatar_url": "https://avatars.githubusercontent.com/u/4196?v=3",
  "gravatar_id": "",
  "url": "https://api.github.com/users/hadley",
  "html_url": "https://github.com/hadley",
  "followers_url": "https://api.github.com/users/hadley/followers",
  "following_url": "https://api.github.com/users/hadley/following{/other_user}",
  "gists_url": "https://api.github.com/users/hadley/gists{/gist_id}",
  "starred_url": "https://api.github.com/users/hadley/starred{/owner}{/repo}",
  "subscriptions_url": "https://api.github.com/users/hadley/subscriptions",
  "organizations_url": "https://api.github.com/users/hadley/orgs",
  "repos_url": "https://api.github.com/users/hadley/repos",
  "events_url": "https://api.github.com/users/hadley/events{/privacy}",
  "received_events_url": "https://api.github.com/users/hadley/received_events",
  "type": "User",
  "site_admin": false
  },
  "parents": [
              {
              "sha": "70c3d69564426dc7891fbd1951a687dcf031575a",
              "url": "https://api.github.com/repos/tidyverse/ggplot2/commits/70c3d69564426dc7891fbd1951a687dcf031575a",
              "html_url": "https://github.com/tidyverse/ggplot2/commit/70c3d69564426dc7891fbd1951a687dcf031575a"
              }
              ]
  },
  {
  "sha": "70c3d69564426dc7891fbd1951a687dcf031575a",
  "commit": {
  "author": {
  "name": "hadley",
  "email": "h.wickham@gmail.com",
  "date": "2016-11-07T16:59:41Z"
  },
  "committer": {
  "name": "hadley",
  "email": "h.wickham@gmail.com",
  "date": "2016-11-07T17:00:00Z"
  },
  "message": "Restore original legend margin\n\nFixes #1871",
  "tree": {
  "sha": "75e6d5cceb2c8583334dab2a0ab896852ad7d710",
  "url": "https://api.github.com/repos/tidyverse/ggplot2/git/trees/75e6d5cceb2c8583334dab2a0ab896852ad7d710"
  },
  "url": "https://api.github.com/repos/tidyverse/ggplot2/git/commits/70c3d69564426dc7891fbd1951a687dcf031575a",
  "comment_count": 0
  },
  "url": "https://api.github.com/repos/tidyverse/ggplot2/commits/70c3d69564426dc7891fbd1951a687dcf031575a",
  "html_url": "https://github.com/tidyverse/ggplot2/commit/70c3d69564426dc7891fbd1951a687dcf031575a",
  "comments_url": "https://api.github.com/repos/tidyverse/ggplot2/commits/70c3d69564426dc7891fbd1951a687dcf031575a/comments",
  "author": {
  "login": "hadley",
  "id": 4196,
  "avatar_url": "https://avatars.githubusercontent.com/u/4196?v=3",
  "gravatar_id": "",
  "url": "https://api.github.com/users/hadley",
  "html_url": "https://github.com/hadley",
  "followers_url": "https://api.github.com/users/hadley/followers",
  "following_url": "https://api.github.com/users/hadley/following{/other_user}",
  "gists_url": "https://api.github.com/users/hadley/gists{/gist_id}",
  "starred_url": "https://api.github.com/users/hadley/starred{/owner}{/repo}",
  "subscriptions_url": "https://api.github.com/users/hadley/subscriptions",
  "organizations_url": "https://api.github.com/users/hadley/orgs",
  "repos_url": "https://api.github.com/users/hadley/repos",
  "events_url": "https://api.github.com/users/hadley/events{/privacy}",
  "received_events_url": "https://api.github.com/users/hadley/received_events",
  "type": "User",
  "site_admin": false
  },
  "committer": {
  "login": "hadley",
  "id": 4196,
  "avatar_url": "https://avatars.githubusercontent.com/u/4196?v=3",
  "gravatar_id": "",
  "url": "https://api.github.com/users/hadley",
  "html_url": "https://github.com/hadley",
  "followers_url": "https://api.github.com/users/hadley/followers",
  "following_url": "https://api.github.com/users/hadley/following{/other_user}",
  "gists_url": "https://api.github.com/users/hadley/gists{/gist_id}",
  "starred_url": "https://api.github.com/users/hadley/starred{/owner}{/repo}",
  "subscriptions_url": "https://api.github.com/users/hadley/subscriptions",
  "organizations_url": "https://api.github.com/users/hadley/orgs",
  "repos_url": "https://api.github.com/users/hadley/repos",
  "events_url": "https://api.github.com/users/hadley/events{/privacy}",
  "received_events_url": "https://api.github.com/users/hadley/received_events",
  "type": "User",
  "site_admin": false
  },
  "parents": [
              {
              "sha": "e83cd4887562ccbec11cf63f0e6f370fd080f197",
              "url": "https://api.github.com/repos/tidyverse/ggplot2/commits/e83cd4887562ccbec11cf63f0e6f370fd080f197",
              "html_url": "https://github.com/tidyverse/ggplot2/commit/e83cd4887562ccbec11cf63f0e6f370fd080f197"
              }
              ]
  },
  {
  "sha": "e83cd4887562ccbec11cf63f0e6f370fd080f197",
  "commit": {
  "author": {
  "name": "hadley",
  "email": "h.wickham@gmail.com",
  "date": "2016-11-07T16:59:25Z"
  },
  "committer": {
  "name": "hadley",
  "email": "h.wickham@gmail.com",
  "date": "2016-11-07T17:00:00Z"
  },
  "message": "Switch back to released roxygen",
  "tree": {
  "sha": "2ccbdb97f9a44cb24432a45f79a5011be7e51a32",
  "url": "https://api.github.com/repos/tidyverse/ggplot2/git/trees/2ccbdb97f9a44cb24432a45f79a5011be7e51a32"
  },
  "url": "https://api.github.com/repos/tidyverse/ggplot2/git/commits/e83cd4887562ccbec11cf63f0e6f370fd080f197",
  "comment_count": 0
  },
  "url": "https://api.github.com/repos/tidyverse/ggplot2/commits/e83cd4887562ccbec11cf63f0e6f370fd080f197",
  "html_url": "https://github.com/tidyverse/ggplot2/commit/e83cd4887562ccbec11cf63f0e6f370fd080f197",
  "comments_url": "https://api.github.com/repos/tidyverse/ggplot2/commits/e83cd4887562ccbec11cf63f0e6f370fd080f197/comments",
  "author": {
  "login": "hadley",
  "id": 4196,
  "avatar_url": "https://avatars.githubusercontent.com/u/4196?v=3",
  "gravatar_id": "",
  "url": "https://api.github.com/users/hadley",
  "html_url": "https://github.com/hadley",
  "followers_url": "https://api.github.com/users/hadley/followers",
  "following_url": "https://api.github.com/users/hadley/following{/other_user}",
  "gists_url": "https://api.github.com/users/hadley/gists{/gist_id}",
  "starred_url": "https://api.github.com/users/hadley/starred{/owner}{/repo}",
  "subscriptions_url": "https://api.github.com/users/hadley/subscriptions",
  "organizations_url": "https://api.github.com/users/hadley/orgs",
  "repos_url": "https://api.github.com/users/hadley/repos",
  "events_url": "https://api.github.com/users/hadley/events{/privacy}",
  "received_events_url": "https://api.github.com/users/hadley/received_events",
  "type": "User",
  "site_admin": false
  },
  "committer": {
  "login": "hadley",
  "id": 4196,
  "avatar_url": "https://avatars.githubusercontent.com/u/4196?v=3",
  "gravatar_id": "",
  "url": "https://api.github.com/users/hadley",
  "html_url": "https://github.com/hadley",
  "followers_url": "https://api.github.com/users/hadley/followers",
  "following_url": "https://api.github.com/users/hadley/following{/other_user}",
  "gists_url": "https://api.github.com/users/hadley/gists{/gist_id}",
  "starred_url": "https://api.github.com/users/hadley/starred{/owner}{/repo}",
  "subscriptions_url": "https://api.github.com/users/hadley/subscriptions",
  "organizations_url": "https://api.github.com/users/hadley/orgs",
  "repos_url": "https://api.github.com/users/hadley/repos",
  "events_url": "https://api.github.com/users/hadley/events{/privacy}",
  "received_events_url": "https://api.github.com/users/hadley/received_events",
  "type": "User",
  "site_admin": false
  },
  "parents": [
              {
              "sha": "d8f07e406ad38b46851d8389c2ff74fedf831417",
              "url": "https://api.github.com/repos/tidyverse/ggplot2/commits/d8f07e406ad38b46851d8389c2ff74fedf831417",
              "html_url": "https://github.com/tidyverse/ggplot2/commit/d8f07e406ad38b46851d8389c2ff74fedf831417"
              }
              ]
  },
  {
  "sha": "d8f07e406ad38b46851d8389c2ff74fedf831417",
  "commit": {
  "author": {
  "name": "hadley",
  "email": "h.wickham@gmail.com",
  "date": "2016-11-07T16:50:09Z"
  },
  "committer": {
  "name": "hadley",
  "email": "h.wickham@gmail.com",
  "date": "2016-11-07T17:00:00Z"
  },
  "message": "Tweak icons",
  "tree": {
  "sha": "3cb87ed7bb5642208fc406dd2b673f0a09318dcf",
  "url": "https://api.github.com/repos/tidyverse/ggplot2/git/trees/3cb87ed7bb5642208fc406dd2b673f0a09318dcf"
  },
  "url": "https://api.github.com/repos/tidyverse/ggplot2/git/commits/d8f07e406ad38b46851d8389c2ff74fedf831417",
  "comment_count": 0
  },
  "url": "https://api.github.com/repos/tidyverse/ggplot2/commits/d8f07e406ad38b46851d8389c2ff74fedf831417",
  "html_url": "https://github.com/tidyverse/ggplot2/commit/d8f07e406ad38b46851d8389c2ff74fedf831417",
  "comments_url": "https://api.github.com/repos/tidyverse/ggplot2/commits/d8f07e406ad38b46851d8389c2ff74fedf831417/comments",
  "author": {
  "login": "hadley",
  "id": 4196,
  "avatar_url": "https://avatars.githubusercontent.com/u/4196?v=3",
  "gravatar_id": "",
  "url": "https://api.github.com/users/hadley",
  "html_url": "https://github.com/hadley",
  "followers_url": "https://api.github.com/users/hadley/followers",
  "following_url": "https://api.github.com/users/hadley/following{/other_user}",
  "gists_url": "https://api.github.com/users/hadley/gists{/gist_id}",
  "starred_url": "https://api.github.com/users/hadley/starred{/owner}{/repo}",
  "subscriptions_url": "https://api.github.com/users/hadley/subscriptions",
  "organizations_url": "https://api.github.com/users/hadley/orgs",
  "repos_url": "https://api.github.com/users/hadley/repos",
  "events_url": "https://api.github.com/users/hadley/events{/privacy}",
  "received_events_url": "https://api.github.com/users/hadley/received_events",
  "type": "User",
  "site_admin": false
  },
  "committer": {
  "login": "hadley",
  "id": 4196,
  "avatar_url": "https://avatars.githubusercontent.com/u/4196?v=3",
  "gravatar_id": "",
  "url": "https://api.github.com/users/hadley",
  "html_url": "https://github.com/hadley",
  "followers_url": "https://api.github.com/users/hadley/followers",
  "following_url": "https://api.github.com/users/hadley/following{/other_user}",
  "gists_url": "https://api.github.com/users/hadley/gists{/gist_id}",
  "starred_url": "https://api.github.com/users/hadley/starred{/owner}{/repo}",
  "subscriptions_url": "https://api.github.com/users/hadley/subscriptions",
  "organizations_url": "https://api.github.com/users/hadley/orgs",
  "repos_url": "https://api.github.com/users/hadley/repos",
  "events_url": "https://api.github.com/users/hadley/events{/privacy}",
  "received_events_url": "https://api.github.com/users/hadley/received_events",
  "type": "User",
  "site_admin": false
  },
  "parents": [
              {
              "sha": "31a33097f559c3c7c0faf9ad41c6d95b2241176b",
              "url": "https://api.github.com/repos/tidyverse/ggplot2/commits/31a33097f559c3c7c0faf9ad41c6d95b2241176b",
              "html_url": "https://github.com/tidyverse/ggplot2/commit/31a33097f559c3c7c0faf9ad41c6d95b2241176b"
              }
              ]
  },
  {
  "sha": "31a33097f559c3c7c0faf9ad41c6d95b2241176b",
  "commit": {
  "author": {
  "name": "Thomas Lin Pedersen",
  "email": "thomasp85@gmail.com",
  "date": "2016-11-07T16:50:57Z"
  },
  "committer": {
  "name": "Hadley Wickham",
  "email": "h.wickham@gmail.com",
  "date": "2016-11-07T16:50:57Z"
  },
  "message": "derive labels even if not specified in scale (#1884)",
  "tree": {
  "sha": "aaf6acd5b7427c426c0631d62ccc471d00e2c8d4",
  "url": "https://api.github.com/repos/tidyverse/ggplot2/git/trees/aaf6acd5b7427c426c0631d62ccc471d00e2c8d4"
  },
  "url": "https://api.github.com/repos/tidyverse/ggplot2/git/commits/31a33097f559c3c7c0faf9ad41c6d95b2241176b",
  "comment_count": 0
  },
  "url": "https://api.github.com/repos/tidyverse/ggplot2/commits/31a33097f559c3c7c0faf9ad41c6d95b2241176b",
  "html_url": "https://github.com/tidyverse/ggplot2/commit/31a33097f559c3c7c0faf9ad41c6d95b2241176b",
  "comments_url": "https://api.github.com/repos/tidyverse/ggplot2/commits/31a33097f559c3c7c0faf9ad41c6d95b2241176b/comments",
  "author": {
  "login": "thomasp85",
  "id": 1775316,
  "avatar_url": "https://avatars.githubusercontent.com/u/1775316?v=3",
  "gravatar_id": "",
  "url": "https://api.github.com/users/thomasp85",
  "html_url": "https://github.com/thomasp85",
  "followers_url": "https://api.github.com/users/thomasp85/followers",
  "following_url": "https://api.github.com/users/thomasp85/following{/other_user}",
  "gists_url": "https://api.github.com/users/thomasp85/gists{/gist_id}",
  "starred_url": "https://api.github.com/users/thomasp85/starred{/owner}{/repo}",
  "subscriptions_url": "https://api.github.com/users/thomasp85/subscriptions",
  "organizations_url": "https://api.github.com/users/thomasp85/orgs",
  "repos_url": "https://api.github.com/users/thomasp85/repos",
  "events_url": "https://api.github.com/users/thomasp85/events{/privacy}",
  "received_events_url": "https://api.github.com/users/thomasp85/received_events",
  "type": "User",
  "site_admin": false
  },
  "committer": {
  "login": "hadley",
  "id": 4196,
  "avatar_url": "https://avatars.githubusercontent.com/u/4196?v=3",
  "gravatar_id": "",
  "url": "https://api.github.com/users/hadley",
  "html_url": "https://github.com/hadley",
  "followers_url": "https://api.github.com/users/hadley/followers",
  "following_url": "https://api.github.com/users/hadley/following{/other_user}",
  "gists_url": "https://api.github.com/users/hadley/gists{/gist_id}",
  "starred_url": "https://api.github.com/users/hadley/starred{/owner}{/repo}",
  "subscriptions_url": "https://api.github.com/users/hadley/subscriptions",
  "organizations_url": "https://api.github.com/users/hadley/orgs",
  "repos_url": "https://api.github.com/users/hadley/repos",
  "events_url": "https://api.github.com/users/hadley/events{/privacy}",
  "received_events_url": "https://api.github.com/users/hadley/received_events",
  "type": "User",
  "site_admin": false
  },
  "parents": [
              {
              "sha": "140bb024170246644789afba6588f6060f81ad0e",
              "url": "https://api.github.com/repos/tidyverse/ggplot2/commits/140bb024170246644789afba6588f6060f81ad0e",
              "html_url": "https://github.com/tidyverse/ggplot2/commit/140bb024170246644789afba6588f6060f81ad0e"
              }
              ]
  },
  {
  "sha": "140bb024170246644789afba6588f6060f81ad0e",
  "commit": {
  "author": {
  "name": "Didzis Elferts",
  "email": "didzis.elferts@lu.lv",
  "date": "2016-11-07T16:11:01Z"
  },
  "committer": {
  "name": "Hadley Wickham",
  "email": "h.wickham@gmail.com",
  "date": "2016-11-07T16:11:01Z"
  },
  "message": "Change wrong package name in README (#1895)",
  "tree": {
  "sha": "860a9c3473c361a8371a15f53d67c1db5c46c5f6",
  "url": "https://api.github.com/repos/tidyverse/ggplot2/git/trees/860a9c3473c361a8371a15f53d67c1db5c46c5f6"
  },
  "url": "https://api.github.com/repos/tidyverse/ggplot2/git/commits/140bb024170246644789afba6588f6060f81ad0e",
  "comment_count": 0
  },
  "url": "https://api.github.com/repos/tidyverse/ggplot2/commits/140bb024170246644789afba6588f6060f81ad0e",
  "html_url": "https://github.com/tidyverse/ggplot2/commit/140bb024170246644789afba6588f6060f81ad0e",
  "comments_url": "https://api.github.com/repos/tidyverse/ggplot2/commits/140bb024170246644789afba6588f6060f81ad0e/comments",
  "author": {
  "login": "delferts",
  "id": 2959904,
  "avatar_url": "https://avatars.githubusercontent.com/u/2959904?v=3",
  "gravatar_id": "",
  "url": "https://api.github.com/users/delferts",
  "html_url": "https://github.com/delferts",
  "followers_url": "https://api.github.com/users/delferts/followers",
  "following_url": "https://api.github.com/users/delferts/following{/other_user}",
  "gists_url": "https://api.github.com/users/delferts/gists{/gist_id}",
  "starred_url": "https://api.github.com/users/delferts/starred{/owner}{/repo}",
  "subscriptions_url": "https://api.github.com/users/delferts/subscriptions",
  "organizations_url": "https://api.github.com/users/delferts/orgs",
  "repos_url": "https://api.github.com/users/delferts/repos",
  "events_url": "https://api.github.com/users/delferts/events{/privacy}",
  "received_events_url": "https://api.github.com/users/delferts/received_events",
  "type": "User",
  "site_admin": false
  },
  "committer": {
  "login": "hadley",
  "id": 4196,
  "avatar_url": "https://avatars.githubusercontent.com/u/4196?v=3",
  "gravatar_id": "",
  "url": "https://api.github.com/users/hadley",
  "html_url": "https://github.com/hadley",
  "followers_url": "https://api.github.com/users/hadley/followers",
  "following_url": "https://api.github.com/users/hadley/following{/other_user}",
  "gists_url": "https://api.github.com/users/hadley/gists{/gist_id}",
  "starred_url": "https://api.github.com/users/hadley/starred{/owner}{/repo}",
  "subscriptions_url": "https://api.github.com/users/hadley/subscriptions",
  "organizations_url": "https://api.github.com/users/hadley/orgs",
  "repos_url": "https://api.github.com/users/hadley/repos",
  "events_url": "https://api.github.com/users/hadley/events{/privacy}",
  "received_events_url": "https://api.github.com/users/hadley/received_events",
  "type": "User",
  "site_admin": false
  },
  "parents": [
              {
              "sha": "5317eafd7c20f3de80d7c679d1bdcc433fd2807c",
              "url": "https://api.github.com/repos/tidyverse/ggplot2/commits/5317eafd7c20f3de80d7c679d1bdcc433fd2807c",
              "html_url": "https://github.com/tidyverse/ggplot2/commit/5317eafd7c20f3de80d7c679d1bdcc433fd2807c"
              }
              ]
  },
  {
  "sha": "5317eafd7c20f3de80d7c679d1bdcc433fd2807c",
  "commit": {
  "author": {
  "name": "hadley",
  "email": "h.wickham@gmail.com",
  "date": "2016-11-04T00:49:18Z"
  },
  "committer": {
  "name": "hadley",
  "email": "h.wickham@gmail.com",
  "date": "2016-11-04T00:49:18Z"
  },
  "message": "Update documentation",
  "tree": {
  "sha": "850f348fda039625f65471a4e1096bec6741a616",
  "url": "https://api.github.com/repos/tidyverse/ggplot2/git/trees/850f348fda039625f65471a4e1096bec6741a616"
  },
  "url": "https://api.github.com/repos/tidyverse/ggplot2/git/commits/5317eafd7c20f3de80d7c679d1bdcc433fd2807c",
  "comment_count": 0
  },
  "url": "https://api.github.com/repos/tidyverse/ggplot2/commits/5317eafd7c20f3de80d7c679d1bdcc433fd2807c",
  "html_url": "https://github.com/tidyverse/ggplot2/commit/5317eafd7c20f3de80d7c679d1bdcc433fd2807c",
  "comments_url": "https://api.github.com/repos/tidyverse/ggplot2/commits/5317eafd7c20f3de80d7c679d1bdcc433fd2807c/comments",
  "author": {
  "login": "hadley",
  "id": 4196,
  "avatar_url": "https://avatars.githubusercontent.com/u/4196?v=3",
  "gravatar_id": "",
  "url": "https://api.github.com/users/hadley",
  "html_url": "https://github.com/hadley",
  "followers_url": "https://api.github.com/users/hadley/followers",
  "following_url": "https://api.github.com/users/hadley/following{/other_user}",
  "gists_url": "https://api.github.com/users/hadley/gists{/gist_id}",
  "starred_url": "https://api.github.com/users/hadley/starred{/owner}{/repo}",
  "subscriptions_url": "https://api.github.com/users/hadley/subscriptions",
  "organizations_url": "https://api.github.com/users/hadley/orgs",
  "repos_url": "https://api.github.com/users/hadley/repos",
  "events_url": "https://api.github.com/users/hadley/events{/privacy}",
  "received_events_url": "https://api.github.com/users/hadley/received_events",
  "type": "User",
  "site_admin": false
  },
  "committer": {
  "login": "hadley",
  "id": 4196,
  "avatar_url": "https://avatars.githubusercontent.com/u/4196?v=3",
  "gravatar_id": "",
  "url": "https://api.github.com/users/hadley",
  "html_url": "https://github.com/hadley",
  "followers_url": "https://api.github.com/users/hadley/followers",
  "following_url": "https://api.github.com/users/hadley/following{/other_user}",
  "gists_url": "https://api.github.com/users/hadley/gists{/gist_id}",
  "starred_url": "https://api.github.com/users/hadley/starred{/owner}{/repo}",
  "subscriptions_url": "https://api.github.com/users/hadley/subscriptions",
  "organizations_url": "https://api.github.com/users/hadley/orgs",
  "repos_url": "https://api.github.com/users/hadley/repos",
  "events_url": "https://api.github.com/users/hadley/events{/privacy}",
  "received_events_url": "https://api.github.com/users/hadley/received_events",
  "type": "User",
  "site_admin": false
  },
  "parents": [
              {
              "sha": "bdf565101772b152716bb2d0cbb29eced825c652",
              "url": "https://api.github.com/repos/tidyverse/ggplot2/commits/bdf565101772b152716bb2d0cbb29eced825c652",
              "html_url": "https://github.com/tidyverse/ggplot2/commit/bdf565101772b152716bb2d0cbb29eced825c652"
              }
              ]
  },
  {
  "sha": "bdf565101772b152716bb2d0cbb29eced825c652",
  "commit": {
  "author": {
  "name": "Charlotte Wickham",
  "email": "cwickham@gmail.com",
  "date": "2016-11-04T00:48:45Z"
  },
  "committer": {
  "name": "Hadley Wickham",
  "email": "h.wickham@gmail.com",
  "date": "2016-11-04T00:48:45Z"
  },
  "message": "correction to stat_bin documentation (#1889)",
  "tree": {
  "sha": "bb15f1e950093974b319b95ce46edeba8e4f47f3",
  "url": "https://api.github.com/repos/tidyverse/ggplot2/git/trees/bb15f1e950093974b319b95ce46edeba8e4f47f3"
  },
  "url": "https://api.github.com/repos/tidyverse/ggplot2/git/commits/bdf565101772b152716bb2d0cbb29eced825c652",
  "comment_count": 0
  },
  "url": "https://api.github.com/repos/tidyverse/ggplot2/commits/bdf565101772b152716bb2d0cbb29eced825c652",
  "html_url": "https://github.com/tidyverse/ggplot2/commit/bdf565101772b152716bb2d0cbb29eced825c652",
  "comments_url": "https://api.github.com/repos/tidyverse/ggplot2/commits/bdf565101772b152716bb2d0cbb29eced825c652/comments",
  "author": {
  "login": "cwickham",
  "id": 25964,
  "avatar_url": "https://avatars.githubusercontent.com/u/25964?v=3",
  "gravatar_id": "",
  "url": "https://api.github.com/users/cwickham",
  "html_url": "https://github.com/cwickham",
  "followers_url": "https://api.github.com/users/cwickham/followers",
  "following_url": "https://api.github.com/users/cwickham/following{/other_user}",
  "gists_url": "https://api.github.com/users/cwickham/gists{/gist_id}",
  "starred_url": "https://api.github.com/users/cwickham/starred{/owner}{/repo}",
  "subscriptions_url": "https://api.github.com/users/cwickham/subscriptions",
  "organizations_url": "https://api.github.com/users/cwickham/orgs",
  "repos_url": "https://api.github.com/users/cwickham/repos",
  "events_url": "https://api.github.com/users/cwickham/events{/privacy}",
  "received_events_url": "https://api.github.com/users/cwickham/received_events",
  "type": "User",
  "site_admin": false
  },
  "committer": {
  "login": "hadley",
  "id": 4196,
  "avatar_url": "https://avatars.githubusercontent.com/u/4196?v=3",
  "gravatar_id": "",
  "url": "https://api.github.com/users/hadley",
  "html_url": "https://github.com/hadley",
  "followers_url": "https://api.github.com/users/hadley/followers",
  "following_url": "https://api.github.com/users/hadley/following{/other_user}",
  "gists_url": "https://api.github.com/users/hadley/gists{/gist_id}",
  "starred_url": "https://api.github.com/users/hadley/starred{/owner}{/repo}",
  "subscriptions_url": "https://api.github.com/users/hadley/subscriptions",
  "organizations_url": "https://api.github.com/users/hadley/orgs",
  "repos_url": "https://api.github.com/users/hadley/repos",
  "events_url": "https://api.github.com/users/hadley/events{/privacy}",
  "received_events_url": "https://api.github.com/users/hadley/received_events",
  "type": "User",
  "site_admin": false
  },
  "parents": [
              {
              "sha": "9869339607d342d5d7dc7982586d20d54265a321",
              "url": "https://api.github.com/repos/tidyverse/ggplot2/commits/9869339607d342d5d7dc7982586d20d54265a321",
              "html_url": "https://github.com/tidyverse/ggplot2/commit/9869339607d342d5d7dc7982586d20d54265a321"
              }
              ]
  },
  {
  "sha": "9869339607d342d5d7dc7982586d20d54265a321",
  "commit": {
  "author": {
  "name": "hadley",
  "email": "h.wickham@gmail.com",
  "date": "2016-11-02T19:02:47Z"
  },
  "committer": {
  "name": "hadley",
  "email": "h.wickham@gmail.com",
  "date": "2016-11-02T19:02:47Z"
  },
  "message": "Fix link",
  "tree": {
  "sha": "6aab9559f75d32cc16ed89a6157e7803799d8239",
  "url": "https://api.github.com/repos/tidyverse/ggplot2/git/trees/6aab9559f75d32cc16ed89a6157e7803799d8239"
  },
  "url": "https://api.github.com/repos/tidyverse/ggplot2/git/commits/9869339607d342d5d7dc7982586d20d54265a321",
  "comment_count": 0
  },
  "url": "https://api.github.com/repos/tidyverse/ggplot2/commits/9869339607d342d5d7dc7982586d20d54265a321",
  "html_url": "https://github.com/tidyverse/ggplot2/commit/9869339607d342d5d7dc7982586d20d54265a321",
  "comments_url": "https://api.github.com/repos/tidyverse/ggplot2/commits/9869339607d342d5d7dc7982586d20d54265a321/comments",
  "author": {
  "login": "hadley",
  "id": 4196,
  "avatar_url": "https://avatars.githubusercontent.com/u/4196?v=3",
  "gravatar_id": "",
  "url": "https://api.github.com/users/hadley",
  "html_url": "https://github.com/hadley",
  "followers_url": "https://api.github.com/users/hadley/followers",
  "following_url": "https://api.github.com/users/hadley/following{/other_user}",
  "gists_url": "https://api.github.com/users/hadley/gists{/gist_id}",
  "starred_url": "https://api.github.com/users/hadley/starred{/owner}{/repo}",
  "subscriptions_url": "https://api.github.com/users/hadley/subscriptions",
  "organizations_url": "https://api.github.com/users/hadley/orgs",
  "repos_url": "https://api.github.com/users/hadley/repos",
  "events_url": "https://api.github.com/users/hadley/events{/privacy}",
  "received_events_url": "https://api.github.com/users/hadley/received_events",
  "type": "User",
  "site_admin": false
  },
  "committer": {
  "login": "hadley",
  "id": 4196,
  "avatar_url": "https://avatars.githubusercontent.com/u/4196?v=3",
  "gravatar_id": "",
  "url": "https://api.github.com/users/hadley",
  "html_url": "https://github.com/hadley",
  "followers_url": "https://api.github.com/users/hadley/followers",
  "following_url": "https://api.github.com/users/hadley/following{/other_user}",
  "gists_url": "https://api.github.com/users/hadley/gists{/gist_id}",
  "starred_url": "https://api.github.com/users/hadley/starred{/owner}{/repo}",
  "subscriptions_url": "https://api.github.com/users/hadley/subscriptions",
  "organizations_url": "https://api.github.com/users/hadley/orgs",
  "repos_url": "https://api.github.com/users/hadley/repos",
  "events_url": "https://api.github.com/users/hadley/events{/privacy}",
  "received_events_url": "https://api.github.com/users/hadley/received_events",
  "type": "User",
  "site_admin": false
  },
  "parents": [
              {
              "sha": "0182a08338eb8e8d855e7dabc87b581c64d6a788",
              "url": "https://api.github.com/repos/tidyverse/ggplot2/commits/0182a08338eb8e8d855e7dabc87b581c64d6a788",
              "html_url": "https://github.com/tidyverse/ggplot2/commit/0182a08338eb8e8d855e7dabc87b581c64d6a788"
              }
              ]
  },
  {
  "sha": "0182a08338eb8e8d855e7dabc87b581c64d6a788",
  "commit": {
  "author": {
  "name": "hadley",
  "email": "h.wickham@gmail.com",
  "date": "2016-11-02T17:59:28Z"
  },
  "committer": {
  "name": "hadley",
  "email": "h.wickham@gmail.com",
  "date": "2016-11-02T17:59:28Z"
  },
  "message": "Rename geom_bar doc title",
  "tree": {
  "sha": "d03f18f57b59774a06e99294aa2e9cdaded192b7",
  "url": "https://api.github.com/repos/tidyverse/ggplot2/git/trees/d03f18f57b59774a06e99294aa2e9cdaded192b7"
  },
  "url": "https://api.github.com/repos/tidyverse/ggplot2/git/commits/0182a08338eb8e8d855e7dabc87b581c64d6a788",
  "comment_count": 0
  },
  "url": "https://api.github.com/repos/tidyverse/ggplot2/commits/0182a08338eb8e8d855e7dabc87b581c64d6a788",
  "html_url": "https://github.com/tidyverse/ggplot2/commit/0182a08338eb8e8d855e7dabc87b581c64d6a788",
  "comments_url": "https://api.github.com/repos/tidyverse/ggplot2/commits/0182a08338eb8e8d855e7dabc87b581c64d6a788/comments",
  "author": {
  "login": "hadley",
  "id": 4196,
  "avatar_url": "https://avatars.githubusercontent.com/u/4196?v=3",
  "gravatar_id": "",
  "url": "https://api.github.com/users/hadley",
  "html_url": "https://github.com/hadley",
  "followers_url": "https://api.github.com/users/hadley/followers",
  "following_url": "https://api.github.com/users/hadley/following{/other_user}",
  "gists_url": "https://api.github.com/users/hadley/gists{/gist_id}",
  "starred_url": "https://api.github.com/users/hadley/starred{/owner}{/repo}",
  "subscriptions_url": "https://api.github.com/users/hadley/subscriptions",
  "organizations_url": "https://api.github.com/users/hadley/orgs",
  "repos_url": "https://api.github.com/users/hadley/repos",
  "events_url": "https://api.github.com/users/hadley/events{/privacy}",
  "received_events_url": "https://api.github.com/users/hadley/received_events",
  "type": "User",
  "site_admin": false
  },
  "committer": {
  "login": "hadley",
  "id": 4196,
  "avatar_url": "https://avatars.githubusercontent.com/u/4196?v=3",
  "gravatar_id": "",
  "url": "https://api.github.com/users/hadley",
  "html_url": "https://github.com/hadley",
  "followers_url": "https://api.github.com/users/hadley/followers",
  "following_url": "https://api.github.com/users/hadley/following{/other_user}",
  "gists_url": "https://api.github.com/users/hadley/gists{/gist_id}",
  "starred_url": "https://api.github.com/users/hadley/starred{/owner}{/repo}",
  "subscriptions_url": "https://api.github.com/users/hadley/subscriptions",
  "organizations_url": "https://api.github.com/users/hadley/orgs",
  "repos_url": "https://api.github.com/users/hadley/repos",
  "events_url": "https://api.github.com/users/hadley/events{/privacy}",
  "received_events_url": "https://api.github.com/users/hadley/received_events",
  "type": "User",
  "site_admin": false
  },
  "parents": [
              {
              "sha": "088fa70f755643e1d6291bade461dbf23b76e8df",
              "url": "https://api.github.com/repos/tidyverse/ggplot2/commits/088fa70f755643e1d6291bade461dbf23b76e8df",
              "html_url": "https://github.com/tidyverse/ggplot2/commit/088fa70f755643e1d6291bade461dbf23b76e8df"
              }
              ]
  },
  {
  "sha": "088fa70f755643e1d6291bade461dbf23b76e8df",
  "commit": {
  "author": {
  "name": "hadley",
  "email": "h.wickham@gmail.com",
  "date": "2016-11-02T17:58:21Z"
  },
  "committer": {
  "name": "hadley",
  "email": "h.wickham@gmail.com",
  "date": "2016-11-02T17:58:21Z"
  },
  "message": "Add sample plot to readme",
  "tree": {
  "sha": "00ff56b075e8d4ed99c0cac514e417a75fe6020c",
  "url": "https://api.github.com/repos/tidyverse/ggplot2/git/trees/00ff56b075e8d4ed99c0cac514e417a75fe6020c"
  },
  "url": "https://api.github.com/repos/tidyverse/ggplot2/git/commits/088fa70f755643e1d6291bade461dbf23b76e8df",
  "comment_count": 0
  },
  "url": "https://api.github.com/repos/tidyverse/ggplot2/commits/088fa70f755643e1d6291bade461dbf23b76e8df",
  "html_url": "https://github.com/tidyverse/ggplot2/commit/088fa70f755643e1d6291bade461dbf23b76e8df",
  "comments_url": "https://api.github.com/repos/tidyverse/ggplot2/commits/088fa70f755643e1d6291bade461dbf23b76e8df/comments",
  "author": {
  "login": "hadley",
  "id": 4196,
  "avatar_url": "https://avatars.githubusercontent.com/u/4196?v=3",
  "gravatar_id": "",
  "url": "https://api.github.com/users/hadley",
  "html_url": "https://github.com/hadley",
  "followers_url": "https://api.github.com/users/hadley/followers",
  "following_url": "https://api.github.com/users/hadley/following{/other_user}",
  "gists_url": "https://api.github.com/users/hadley/gists{/gist_id}",
  "starred_url": "https://api.github.com/users/hadley/starred{/owner}{/repo}",
  "subscriptions_url": "https://api.github.com/users/hadley/subscriptions",
  "organizations_url": "https://api.github.com/users/hadley/orgs",
  "repos_url": "https://api.github.com/users/hadley/repos",
  "events_url": "https://api.github.com/users/hadley/events{/privacy}",
  "received_events_url": "https://api.github.com/users/hadley/received_events",
  "type": "User",
  "site_admin": false
  },
  "committer": {
  "login": "hadley",
  "id": 4196,
  "avatar_url": "https://avatars.githubusercontent.com/u/4196?v=3",
  "gravatar_id": "",
  "url": "https://api.github.com/users/hadley",
  "html_url": "https://github.com/hadley",
  "followers_url": "https://api.github.com/users/hadley/followers",
  "following_url": "https://api.github.com/users/hadley/following{/other_user}",
  "gists_url": "https://api.github.com/users/hadley/gists{/gist_id}",
  "starred_url": "https://api.github.com/users/hadley/starred{/owner}{/repo}",
  "subscriptions_url": "https://api.github.com/users/hadley/subscriptions",
  "organizations_url": "https://api.github.com/users/hadley/orgs",
  "repos_url": "https://api.github.com/users/hadley/repos",
  "events_url": "https://api.github.com/users/hadley/events{/privacy}",
  "received_events_url": "https://api.github.com/users/hadley/received_events",
  "type": "User",
  "site_admin": false
  },
  "parents": [
              {
              "sha": "9d1961d38470aff5b85b837ce895691bd990398e",
              "url": "https://api.github.com/repos/tidyverse/ggplot2/commits/9d1961d38470aff5b85b837ce895691bd990398e",
              "html_url": "https://github.com/tidyverse/ggplot2/commit/9d1961d38470aff5b85b837ce895691bd990398e"
              }
              ]
  },
  {
  "sha": "9d1961d38470aff5b85b837ce895691bd990398e",
  "commit": {
  "author": {
  "name": "hadley",
  "email": "h.wickham@gmail.com",
  "date": "2016-11-02T17:53:40Z"
  },
  "committer": {
  "name": "hadley",
  "email": "h.wickham@gmail.com",
  "date": "2016-11-02T17:53:40Z"
  },
  "message": "Copy over blog posts",
  "tree": {
  "sha": "2674ba3cd239c0566e0f59ec7b743951a114159a",
  "url": "https://api.github.com/repos/tidyverse/ggplot2/git/trees/2674ba3cd239c0566e0f59ec7b743951a114159a"
  },
  "url": "https://api.github.com/repos/tidyverse/ggplot2/git/commits/9d1961d38470aff5b85b837ce895691bd990398e",
  "comment_count": 0
  },
  "url": "https://api.github.com/repos/tidyverse/ggplot2/commits/9d1961d38470aff5b85b837ce895691bd990398e",
  "html_url": "https://github.com/tidyverse/ggplot2/commit/9d1961d38470aff5b85b837ce895691bd990398e",
  "comments_url": "https://api.github.com/repos/tidyverse/ggplot2/commits/9d1961d38470aff5b85b837ce895691bd990398e/comments",
  "author": {
  "login": "hadley",
  "id": 4196,
  "avatar_url": "https://avatars.githubusercontent.com/u/4196?v=3",
  "gravatar_id": "",
  "url": "https://api.github.com/users/hadley",
  "html_url": "https://github.com/hadley",
  "followers_url": "https://api.github.com/users/hadley/followers",
  "following_url": "https://api.github.com/users/hadley/following{/other_user}",
  "gists_url": "https://api.github.com/users/hadley/gists{/gist_id}",
  "starred_url": "https://api.github.com/users/hadley/starred{/owner}{/repo}",
  "subscriptions_url": "https://api.github.com/users/hadley/subscriptions",
  "organizations_url": "https://api.github.com/users/hadley/orgs",
  "repos_url": "https://api.github.com/users/hadley/repos",
  "events_url": "https://api.github.com/users/hadley/events{/privacy}",
  "received_events_url": "https://api.github.com/users/hadley/received_events",
  "type": "User",
  "site_admin": false
  },
  "committer": {
  "login": "hadley",
  "id": 4196,
  "avatar_url": "https://avatars.githubusercontent.com/u/4196?v=3",
  "gravatar_id": "",
  "url": "https://api.github.com/users/hadley",
  "html_url": "https://github.com/hadley",
  "followers_url": "https://api.github.com/users/hadley/followers",
  "following_url": "https://api.github.com/users/hadley/following{/other_user}",
  "gists_url": "https://api.github.com/users/hadley/gists{/gist_id}",
  "starred_url": "https://api.github.com/users/hadley/starred{/owner}{/repo}",
  "subscriptions_url": "https://api.github.com/users/hadley/subscriptions",
  "organizations_url": "https://api.github.com/users/hadley/orgs",
  "repos_url": "https://api.github.com/users/hadley/repos",
  "events_url": "https://api.github.com/users/hadley/events{/privacy}",
  "received_events_url": "https://api.github.com/users/hadley/received_events",
  "type": "User",
  "site_admin": false
  },
  "parents": [
              {
              "sha": "9d386d9253f28023f7616cec2b13424168116a8e",
              "url": "https://api.github.com/repos/tidyverse/ggplot2/commits/9d386d9253f28023f7616cec2b13424168116a8e",
              "html_url": "https://github.com/tidyverse/ggplot2/commit/9d386d9253f28023f7616cec2b13424168116a8e"
              }
              ]
  },
  {
  "sha": "9d386d9253f28023f7616cec2b13424168116a8e",
  "commit": {
  "author": {
  "name": "hadley",
  "email": "h.wickham@gmail.com",
  "date": "2016-11-02T17:47:55Z"
  },
  "committer": {
  "name": "hadley",
  "email": "h.wickham@gmail.com",
  "date": "2016-11-02T17:47:55Z"
  },
  "message": "Tweaks for vignettes",
  "tree": {
  "sha": "bc08d493fc282ecb0dd9f598ffb9a9ccd8fd11a5",
  "url": "https://api.github.com/repos/tidyverse/ggplot2/git/trees/bc08d493fc282ecb0dd9f598ffb9a9ccd8fd11a5"
  },
  "url": "https://api.github.com/repos/tidyverse/ggplot2/git/commits/9d386d9253f28023f7616cec2b13424168116a8e",
  "comment_count": 0
  },
  "url": "https://api.github.com/repos/tidyverse/ggplot2/commits/9d386d9253f28023f7616cec2b13424168116a8e",
  "html_url": "https://github.com/tidyverse/ggplot2/commit/9d386d9253f28023f7616cec2b13424168116a8e",
  "comments_url": "https://api.github.com/repos/tidyverse/ggplot2/commits/9d386d9253f28023f7616cec2b13424168116a8e/comments",
  "author": {
  "login": "hadley",
  "id": 4196,
  "avatar_url": "https://avatars.githubusercontent.com/u/4196?v=3",
  "gravatar_id": "",
  "url": "https://api.github.com/users/hadley",
  "html_url": "https://github.com/hadley",
  "followers_url": "https://api.github.com/users/hadley/followers",
  "following_url": "https://api.github.com/users/hadley/following{/other_user}",
  "gists_url": "https://api.github.com/users/hadley/gists{/gist_id}",
  "starred_url": "https://api.github.com/users/hadley/starred{/owner}{/repo}",
  "subscriptions_url": "https://api.github.com/users/hadley/subscriptions",
  "organizations_url": "https://api.github.com/users/hadley/orgs",
  "repos_url": "https://api.github.com/users/hadley/repos",
  "events_url": "https://api.github.com/users/hadley/events{/privacy}",
  "received_events_url": "https://api.github.com/users/hadley/received_events",
  "type": "User",
  "site_admin": false
  },
  "committer": {
  "login": "hadley",
  "id": 4196,
  "avatar_url": "https://avatars.githubusercontent.com/u/4196?v=3",
  "gravatar_id": "",
  "url": "https://api.github.com/users/hadley",
  "html_url": "https://github.com/hadley",
  "followers_url": "https://api.github.com/users/hadley/followers",
  "following_url": "https://api.github.com/users/hadley/following{/other_user}",
  "gists_url": "https://api.github.com/users/hadley/gists{/gist_id}",
  "starred_url": "https://api.github.com/users/hadley/starred{/owner}{/repo}",
  "subscriptions_url": "https://api.github.com/users/hadley/subscriptions",
  "organizations_url": "https://api.github.com/users/hadley/orgs",
  "repos_url": "https://api.github.com/users/hadley/repos",
  "events_url": "https://api.github.com/users/hadley/events{/privacy}",
  "received_events_url": "https://api.github.com/users/hadley/received_events",
  "type": "User",
  "site_admin": false
  },
  "parents": [
              {
              "sha": "ec2468f814b24abdb466f0835722564c43a9cf11",
              "url": "https://api.github.com/repos/tidyverse/ggplot2/commits/ec2468f814b24abdb466f0835722564c43a9cf11",
              "html_url": "https://github.com/tidyverse/ggplot2/commit/ec2468f814b24abdb466f0835722564c43a9cf11"
              }
              ]
  },
  {
  "sha": "ec2468f814b24abdb466f0835722564c43a9cf11",
  "commit": {
  "author": {
  "name": "hadley",
  "email": "h.wickham@gmail.com",
  "date": "2016-11-02T17:18:41Z"
  },
  "committer": {
  "name": "hadley",
  "email": "h.wickham@gmail.com",
  "date": "2016-11-02T17:47:45Z"
  },
  "message": "Final doc tweaks",
  "tree": {
  "sha": "fa68f54b9d503a370ed31a099d4cb9b43a3cb203",
  "url": "https://api.github.com/repos/tidyverse/ggplot2/git/trees/fa68f54b9d503a370ed31a099d4cb9b43a3cb203"
  },
  "url": "https://api.github.com/repos/tidyverse/ggplot2/git/commits/ec2468f814b24abdb466f0835722564c43a9cf11",
  "comment_count": 0
  },
  "url": "https://api.github.com/repos/tidyverse/ggplot2/commits/ec2468f814b24abdb466f0835722564c43a9cf11",
  "html_url": "https://github.com/tidyverse/ggplot2/commit/ec2468f814b24abdb466f0835722564c43a9cf11",
  "comments_url": "https://api.github.com/repos/tidyverse/ggplot2/commits/ec2468f814b24abdb466f0835722564c43a9cf11/comments",
  "author": {
  "login": "hadley",
  "id": 4196,
  "avatar_url": "https://avatars.githubusercontent.com/u/4196?v=3",
  "gravatar_id": "",
  "url": "https://api.github.com/users/hadley",
  "html_url": "https://github.com/hadley",
  "followers_url": "https://api.github.com/users/hadley/followers",
  "following_url": "https://api.github.com/users/hadley/following{/other_user}",
  "gists_url": "https://api.github.com/users/hadley/gists{/gist_id}",
  "starred_url": "https://api.github.com/users/hadley/starred{/owner}{/repo}",
  "subscriptions_url": "https://api.github.com/users/hadley/subscriptions",
  "organizations_url": "https://api.github.com/users/hadley/orgs",
  "repos_url": "https://api.github.com/users/hadley/repos",
  "events_url": "https://api.github.com/users/hadley/events{/privacy}",
  "received_events_url": "https://api.github.com/users/hadley/received_events",
  "type": "User",
  "site_admin": false
  },
  "committer": {
  "login": "hadley",
  "id": 4196,
  "avatar_url": "https://avatars.githubusercontent.com/u/4196?v=3",
  "gravatar_id": "",
  "url": "https://api.github.com/users/hadley",
  "html_url": "https://github.com/hadley",
  "followers_url": "https://api.github.com/users/hadley/followers",
  "following_url": "https://api.github.com/users/hadley/following{/other_user}",
  "gists_url": "https://api.github.com/users/hadley/gists{/gist_id}",
  "starred_url": "https://api.github.com/users/hadley/starred{/owner}{/repo}",
  "subscriptions_url": "https://api.github.com/users/hadley/subscriptions",
  "organizations_url": "https://api.github.com/users/hadley/orgs",
  "repos_url": "https://api.github.com/users/hadley/repos",
  "events_url": "https://api.github.com/users/hadley/events{/privacy}",
  "received_events_url": "https://api.github.com/users/hadley/received_events",
  "type": "User",
  "site_admin": false
  },
  "parents": [
              {
              "sha": "d0128431c99e6df3196889024ce50c3d3d2e0e15",
              "url": "https://api.github.com/repos/tidyverse/ggplot2/commits/d0128431c99e6df3196889024ce50c3d3d2e0e15",
              "html_url": "https://github.com/tidyverse/ggplot2/commit/d0128431c99e6df3196889024ce50c3d3d2e0e15"
              }
              ]
  },
  {
  "sha": "d0128431c99e6df3196889024ce50c3d3d2e0e15",
  "commit": {
  "author": {
  "name": "hadley",
  "email": "h.wickham@gmail.com",
  "date": "2016-11-02T17:13:09Z"
  },
  "committer": {
  "name": "hadley",
  "email": "h.wickham@gmail.com",
  "date": "2016-11-02T17:13:09Z"
  },
  "message": "Doc tweaks for vector functions",
  "tree": {
  "sha": "59ccfc18f3a856d46ec1f7df8f92863455c0acb2",
  "url": "https://api.github.com/repos/tidyverse/ggplot2/git/trees/59ccfc18f3a856d46ec1f7df8f92863455c0acb2"
  },
  "url": "https://api.github.com/repos/tidyverse/ggplot2/git/commits/d0128431c99e6df3196889024ce50c3d3d2e0e15",
  "comment_count": 0
  },
  "url": "https://api.github.com/repos/tidyverse/ggplot2/commits/d0128431c99e6df3196889024ce50c3d3d2e0e15",
  "html_url": "https://github.com/tidyverse/ggplot2/commit/d0128431c99e6df3196889024ce50c3d3d2e0e15",
  "comments_url": "https://api.github.com/repos/tidyverse/ggplot2/commits/d0128431c99e6df3196889024ce50c3d3d2e0e15/comments",
  "author": {
  "login": "hadley",
  "id": 4196,
  "avatar_url": "https://avatars.githubusercontent.com/u/4196?v=3",
  "gravatar_id": "",
  "url": "https://api.github.com/users/hadley",
  "html_url": "https://github.com/hadley",
  "followers_url": "https://api.github.com/users/hadley/followers",
  "following_url": "https://api.github.com/users/hadley/following{/other_user}",
  "gists_url": "https://api.github.com/users/hadley/gists{/gist_id}",
  "starred_url": "https://api.github.com/users/hadley/starred{/owner}{/repo}",
  "subscriptions_url": "https://api.github.com/users/hadley/subscriptions",
  "organizations_url": "https://api.github.com/users/hadley/orgs",
  "repos_url": "https://api.github.com/users/hadley/repos",
  "events_url": "https://api.github.com/users/hadley/events{/privacy}",
  "received_events_url": "https://api.github.com/users/hadley/received_events",
  "type": "User",
  "site_admin": false
  },
  "committer": {
  "login": "hadley",
  "id": 4196,
  "avatar_url": "https://avatars.githubusercontent.com/u/4196?v=3",
  "gravatar_id": "",
  "url": "https://api.github.com/users/hadley",
  "html_url": "https://github.com/hadley",
  "followers_url": "https://api.github.com/users/hadley/followers",
  "following_url": "https://api.github.com/users/hadley/following{/other_user}",
  "gists_url": "https://api.github.com/users/hadley/gists{/gist_id}",
  "starred_url": "https://api.github.com/users/hadley/starred{/owner}{/repo}",
  "subscriptions_url": "https://api.github.com/users/hadley/subscriptions",
  "organizations_url": "https://api.github.com/users/hadley/orgs",
  "repos_url": "https://api.github.com/users/hadley/repos",
  "events_url": "https://api.github.com/users/hadley/events{/privacy}",
  "received_events_url": "https://api.github.com/users/hadley/received_events",
  "type": "User",
  "site_admin": false
  },
  "parents": [
              {
              "sha": "576973b8c3c8f21e659fb46e2c30ae9b584d76ca",
              "url": "https://api.github.com/repos/tidyverse/ggplot2/commits/576973b8c3c8f21e659fb46e2c30ae9b584d76ca",
              "html_url": "https://github.com/tidyverse/ggplot2/commit/576973b8c3c8f21e659fb46e2c30ae9b584d76ca"
              }
              ]
  },
  {
  "sha": "576973b8c3c8f21e659fb46e2c30ae9b584d76ca",
  "commit": {
  "author": {
  "name": "hadley",
  "email": "h.wickham@gmail.com",
  "date": "2016-11-02T17:00:54Z"
  },
  "committer": {
  "name": "hadley",
  "email": "h.wickham@gmail.com",
  "date": "2016-11-02T17:00:54Z"
  },
  "message": "Doc tweaks for fortify + autoplot",
  "tree": {
  "sha": "c1eb29a63dd649e4c1eabf82fbbc08d738e0a7b0",
  "url": "https://api.github.com/repos/tidyverse/ggplot2/git/trees/c1eb29a63dd649e4c1eabf82fbbc08d738e0a7b0"
  },
  "url": "https://api.github.com/repos/tidyverse/ggplot2/git/commits/576973b8c3c8f21e659fb46e2c30ae9b584d76ca",
  "comment_count": 0
  },
  "url": "https://api.github.com/repos/tidyverse/ggplot2/commits/576973b8c3c8f21e659fb46e2c30ae9b584d76ca",
  "html_url": "https://github.com/tidyverse/ggplot2/commit/576973b8c3c8f21e659fb46e2c30ae9b584d76ca",
  "comments_url": "https://api.github.com/repos/tidyverse/ggplot2/commits/576973b8c3c8f21e659fb46e2c30ae9b584d76ca/comments",
  "author": {
  "login": "hadley",
  "id": 4196,
  "avatar_url": "https://avatars.githubusercontent.com/u/4196?v=3",
  "gravatar_id": "",
  "url": "https://api.github.com/users/hadley",
  "html_url": "https://github.com/hadley",
  "followers_url": "https://api.github.com/users/hadley/followers",
  "following_url": "https://api.github.com/users/hadley/following{/other_user}",
  "gists_url": "https://api.github.com/users/hadley/gists{/gist_id}",
  "starred_url": "https://api.github.com/users/hadley/starred{/owner}{/repo}",
  "subscriptions_url": "https://api.github.com/users/hadley/subscriptions",
  "organizations_url": "https://api.github.com/users/hadley/orgs",
  "repos_url": "https://api.github.com/users/hadley/repos",
  "events_url": "https://api.github.com/users/hadley/events{/privacy}",
  "received_events_url": "https://api.github.com/users/hadley/received_events",
  "type": "User",
  "site_admin": false
  },
  "committer": {
  "login": "hadley",
  "id": 4196,
  "avatar_url": "https://avatars.githubusercontent.com/u/4196?v=3",
  "gravatar_id": "",
  "url": "https://api.github.com/users/hadley",
  "html_url": "https://github.com/hadley",
  "followers_url": "https://api.github.com/users/hadley/followers",
  "following_url": "https://api.github.com/users/hadley/following{/other_user}",
  "gists_url": "https://api.github.com/users/hadley/gists{/gist_id}",
  "starred_url": "https://api.github.com/users/hadley/starred{/owner}{/repo}",
  "subscriptions_url": "https://api.github.com/users/hadley/subscriptions",
  "organizations_url": "https://api.github.com/users/hadley/orgs",
  "repos_url": "https://api.github.com/users/hadley/repos",
  "events_url": "https://api.github.com/users/hadley/events{/privacy}",
  "received_events_url": "https://api.github.com/users/hadley/received_events",
  "type": "User",
  "site_admin": false
  },
  "parents": [
              {
              "sha": "887ee9e6526f4b63b636fad1c0c93d21e4c3e1b3",
              "url": "https://api.github.com/repos/tidyverse/ggplot2/commits/887ee9e6526f4b63b636fad1c0c93d21e4c3e1b3",
              "html_url": "https://github.com/tidyverse/ggplot2/commit/887ee9e6526f4b63b636fad1c0c93d21e4c3e1b3"
              }
              ]
  },
  {
  "sha": "887ee9e6526f4b63b636fad1c0c93d21e4c3e1b3",
  "commit": {
  "author": {
  "name": "hadley",
  "email": "h.wickham@gmail.com",
  "date": "2016-11-02T15:58:20Z"
  },
  "committer": {
  "name": "hadley",
  "email": "h.wickham@gmail.com",
  "date": "2016-11-02T15:58:20Z"
  },
  "message": "Doc tweaks for programming/extending",
  "tree": {
  "sha": "b404506d306e1dea8afe22f8e83f9a2703adca1c",
  "url": "https://api.github.com/repos/tidyverse/ggplot2/git/trees/b404506d306e1dea8afe22f8e83f9a2703adca1c"
  },
  "url": "https://api.github.com/repos/tidyverse/ggplot2/git/commits/887ee9e6526f4b63b636fad1c0c93d21e4c3e1b3",
  "comment_count": 0
  },
  "url": "https://api.github.com/repos/tidyverse/ggplot2/commits/887ee9e6526f4b63b636fad1c0c93d21e4c3e1b3",
  "html_url": "https://github.com/tidyverse/ggplot2/commit/887ee9e6526f4b63b636fad1c0c93d21e4c3e1b3",
  "comments_url": "https://api.github.com/repos/tidyverse/ggplot2/commits/887ee9e6526f4b63b636fad1c0c93d21e4c3e1b3/comments",
  "author": {
  "login": "hadley",
  "id": 4196,
  "avatar_url": "https://avatars.githubusercontent.com/u/4196?v=3",
  "gravatar_id": "",
  "url": "https://api.github.com/users/hadley",
  "html_url": "https://github.com/hadley",
  "followers_url": "https://api.github.com/users/hadley/followers",
  "following_url": "https://api.github.com/users/hadley/following{/other_user}",
  "gists_url": "https://api.github.com/users/hadley/gists{/gist_id}",
  "starred_url": "https://api.github.com/users/hadley/starred{/owner}{/repo}",
  "subscriptions_url": "https://api.github.com/users/hadley/subscriptions",
  "organizations_url": "https://api.github.com/users/hadley/orgs",
  "repos_url": "https://api.github.com/users/hadley/repos",
  "events_url": "https://api.github.com/users/hadley/events{/privacy}",
  "received_events_url": "https://api.github.com/users/hadley/received_events",
  "type": "User",
  "site_admin": false
  },
  "committer": {
  "login": "hadley",
  "id": 4196,
  "avatar_url": "https://avatars.githubusercontent.com/u/4196?v=3",
  "gravatar_id": "",
  "url": "https://api.github.com/users/hadley",
  "html_url": "https://github.com/hadley",
  "followers_url": "https://api.github.com/users/hadley/followers",
  "following_url": "https://api.github.com/users/hadley/following{/other_user}",
  "gists_url": "https://api.github.com/users/hadley/gists{/gist_id}",
  "starred_url": "https://api.github.com/users/hadley/starred{/owner}{/repo}",
  "subscriptions_url": "https://api.github.com/users/hadley/subscriptions",
  "organizations_url": "https://api.github.com/users/hadley/orgs",
  "repos_url": "https://api.github.com/users/hadley/repos",
  "events_url": "https://api.github.com/users/hadley/events{/privacy}",
  "received_events_url": "https://api.github.com/users/hadley/received_events",
  "type": "User",
  "site_admin": false
  },
  "parents": [
              {
              "sha": "a7d8b3da737b50f50f51557ce566f0d596a737f8",
              "url": "https://api.github.com/repos/tidyverse/ggplot2/commits/a7d8b3da737b50f50f51557ce566f0d596a737f8",
              "html_url": "https://github.com/tidyverse/ggplot2/commit/a7d8b3da737b50f50f51557ce566f0d596a737f8"
              }
              ]
  },
  {
  "sha": "a7d8b3da737b50f50f51557ce566f0d596a737f8",
  "commit": {
  "author": {
  "name": "hadley",
  "email": "h.wickham@gmail.com",
  "date": "2016-11-02T13:46:14Z"
  },
  "committer": {
  "name": "hadley",
  "email": "h.wickham@gmail.com",
  "date": "2016-11-02T13:51:09Z"
  },
  "message": "R CMD check fixes",
  "tree": {
  "sha": "f0bc3b0390168fd78c0dfd3e7cf1837ecb6d63d3",
  "url": "https://api.github.com/repos/tidyverse/ggplot2/git/trees/f0bc3b0390168fd78c0dfd3e7cf1837ecb6d63d3"
  },
  "url": "https://api.github.com/repos/tidyverse/ggplot2/git/commits/a7d8b3da737b50f50f51557ce566f0d596a737f8",
  "comment_count": 0
  },
  "url": "https://api.github.com/repos/tidyverse/ggplot2/commits/a7d8b3da737b50f50f51557ce566f0d596a737f8",
  "html_url": "https://github.com/tidyverse/ggplot2/commit/a7d8b3da737b50f50f51557ce566f0d596a737f8",
  "comments_url": "https://api.github.com/repos/tidyverse/ggplot2/commits/a7d8b3da737b50f50f51557ce566f0d596a737f8/comments",
  "author": {
  "login": "hadley",
  "id": 4196,
  "avatar_url": "https://avatars.githubusercontent.com/u/4196?v=3",
  "gravatar_id": "",
  "url": "https://api.github.com/users/hadley",
  "html_url": "https://github.com/hadley",
  "followers_url": "https://api.github.com/users/hadley/followers",
  "following_url": "https://api.github.com/users/hadley/following{/other_user}",
  "gists_url": "https://api.github.com/users/hadley/gists{/gist_id}",
  "starred_url": "https://api.github.com/users/hadley/starred{/owner}{/repo}",
  "subscriptions_url": "https://api.github.com/users/hadley/subscriptions",
  "organizations_url": "https://api.github.com/users/hadley/orgs",
  "repos_url": "https://api.github.com/users/hadley/repos",
  "events_url": "https://api.github.com/users/hadley/events{/privacy}",
  "received_events_url": "https://api.github.com/users/hadley/received_events",
  "type": "User",
  "site_admin": false
  },
  "committer": {
  "login": "hadley",
  "id": 4196,
  "avatar_url": "https://avatars.githubusercontent.com/u/4196?v=3",
  "gravatar_id": "",
  "url": "https://api.github.com/users/hadley",
  "html_url": "https://github.com/hadley",
  "followers_url": "https://api.github.com/users/hadley/followers",
  "following_url": "https://api.github.com/users/hadley/following{/other_user}",
  "gists_url": "https://api.github.com/users/hadley/gists{/gist_id}",
  "starred_url": "https://api.github.com/users/hadley/starred{/owner}{/repo}",
  "subscriptions_url": "https://api.github.com/users/hadley/subscriptions",
  "organizations_url": "https://api.github.com/users/hadley/orgs",
  "repos_url": "https://api.github.com/users/hadley/repos",
  "events_url": "https://api.github.com/users/hadley/events{/privacy}",
  "received_events_url": "https://api.github.com/users/hadley/received_events",
  "type": "User",
  "site_admin": false
  },
  "parents": [
              {
              "sha": "80c7251f58623e8c3d5be5195f389e7e5313aaba",
              "url": "https://api.github.com/repos/tidyverse/ggplot2/commits/80c7251f58623e8c3d5be5195f389e7e5313aaba",
              "html_url": "https://github.com/tidyverse/ggplot2/commit/80c7251f58623e8c3d5be5195f389e7e5313aaba"
              }
              ]
  },
  {
  "sha": "80c7251f58623e8c3d5be5195f389e7e5313aaba",
  "commit": {
  "author": {
  "name": "hadley",
  "email": "h.wickham@gmail.com",
  "date": "2016-11-02T13:45:33Z"
  },
  "committer": {
  "name": "hadley",
  "email": "h.wickham@gmail.com",
  "date": "2016-11-02T13:45:33Z"
  },
  "message": "Consistent format sections for datasets",
  "tree": {
  "sha": "ae1e49e5e80bf7ac47df7b5f0b8754bc3d81cb69",
  "url": "https://api.github.com/repos/tidyverse/ggplot2/git/trees/ae1e49e5e80bf7ac47df7b5f0b8754bc3d81cb69"
  },
  "url": "https://api.github.com/repos/tidyverse/ggplot2/git/commits/80c7251f58623e8c3d5be5195f389e7e5313aaba",
  "comment_count": 0
  },
  "url": "https://api.github.com/repos/tidyverse/ggplot2/commits/80c7251f58623e8c3d5be5195f389e7e5313aaba",
  "html_url": "https://github.com/tidyverse/ggplot2/commit/80c7251f58623e8c3d5be5195f389e7e5313aaba",
  "comments_url": "https://api.github.com/repos/tidyverse/ggplot2/commits/80c7251f58623e8c3d5be5195f389e7e5313aaba/comments",
  "author": {
  "login": "hadley",
  "id": 4196,
  "avatar_url": "https://avatars.githubusercontent.com/u/4196?v=3",
  "gravatar_id": "",
  "url": "https://api.github.com/users/hadley",
  "html_url": "https://github.com/hadley",
  "followers_url": "https://api.github.com/users/hadley/followers",
  "following_url": "https://api.github.com/users/hadley/following{/other_user}",
  "gists_url": "https://api.github.com/users/hadley/gists{/gist_id}",
  "starred_url": "https://api.github.com/users/hadley/starred{/owner}{/repo}",
  "subscriptions_url": "https://api.github.com/users/hadley/subscriptions",
  "organizations_url": "https://api.github.com/users/hadley/orgs",
  "repos_url": "https://api.github.com/users/hadley/repos",
  "events_url": "https://api.github.com/users/hadley/events{/privacy}",
  "received_events_url": "https://api.github.com/users/hadley/received_events",
  "type": "User",
  "site_admin": false
  },
  "committer": {
  "login": "hadley",
  "id": 4196,
  "avatar_url": "https://avatars.githubusercontent.com/u/4196?v=3",
  "gravatar_id": "",
  "url": "https://api.github.com/users/hadley",
  "html_url": "https://github.com/hadley",
  "followers_url": "https://api.github.com/users/hadley/followers",
  "following_url": "https://api.github.com/users/hadley/following{/other_user}",
  "gists_url": "https://api.github.com/users/hadley/gists{/gist_id}",
  "starred_url": "https://api.github.com/users/hadley/starred{/owner}{/repo}",
  "subscriptions_url": "https://api.github.com/users/hadley/subscriptions",
  "organizations_url": "https://api.github.com/users/hadley/orgs",
  "repos_url": "https://api.github.com/users/hadley/repos",
  "events_url": "https://api.github.com/users/hadley/events{/privacy}",
  "received_events_url": "https://api.github.com/users/hadley/received_events",
  "type": "User",
  "site_admin": false
  },
  "parents": [
              {
              "sha": "8ef686297d999426897deb48002567598f106cca",
              "url": "https://api.github.com/repos/tidyverse/ggplot2/commits/8ef686297d999426897deb48002567598f106cca",
              "html_url": "https://github.com/tidyverse/ggplot2/commit/8ef686297d999426897deb48002567598f106cca"
              }
              ]
  },
  {
  "sha": "8ef686297d999426897deb48002567598f106cca",
  "commit": {
  "author": {
  "name": "hadley",
  "email": "h.wickham@gmail.com",
  "date": "2016-11-02T13:40:27Z"
  },
  "committer": {
  "name": "hadley",
  "email": "h.wickham@gmail.com",
  "date": "2016-11-02T13:40:27Z"
  },
  "message": "Doc tweaks for themes",
  "tree": {
  "sha": "5f5a982f86661ecc46604c78e7fb78ec1cc6209c",
  "url": "https://api.github.com/repos/tidyverse/ggplot2/git/trees/5f5a982f86661ecc46604c78e7fb78ec1cc6209c"
  },
  "url": "https://api.github.com/repos/tidyverse/ggplot2/git/commits/8ef686297d999426897deb48002567598f106cca",
  "comment_count": 0
  },
  "url": "https://api.github.com/repos/tidyverse/ggplot2/commits/8ef686297d999426897deb48002567598f106cca",
  "html_url": "https://github.com/tidyverse/ggplot2/commit/8ef686297d999426897deb48002567598f106cca",
  "comments_url": "https://api.github.com/repos/tidyverse/ggplot2/commits/8ef686297d999426897deb48002567598f106cca/comments",
  "author": {
  "login": "hadley",
  "id": 4196,
  "avatar_url": "https://avatars.githubusercontent.com/u/4196?v=3",
  "gravatar_id": "",
  "url": "https://api.github.com/users/hadley",
  "html_url": "https://github.com/hadley",
  "followers_url": "https://api.github.com/users/hadley/followers",
  "following_url": "https://api.github.com/users/hadley/following{/other_user}",
  "gists_url": "https://api.github.com/users/hadley/gists{/gist_id}",
  "starred_url": "https://api.github.com/users/hadley/starred{/owner}{/repo}",
  "subscriptions_url": "https://api.github.com/users/hadley/subscriptions",
  "organizations_url": "https://api.github.com/users/hadley/orgs",
  "repos_url": "https://api.github.com/users/hadley/repos",
  "events_url": "https://api.github.com/users/hadley/events{/privacy}",
  "received_events_url": "https://api.github.com/users/hadley/received_events",
  "type": "User",
  "site_admin": false
  },
  "committer": {
  "login": "hadley",
  "id": 4196,
  "avatar_url": "https://avatars.githubusercontent.com/u/4196?v=3",
  "gravatar_id": "",
  "url": "https://api.github.com/users/hadley",
  "html_url": "https://github.com/hadley",
  "followers_url": "https://api.github.com/users/hadley/followers",
  "following_url": "https://api.github.com/users/hadley/following{/other_user}",
  "gists_url": "https://api.github.com/users/hadley/gists{/gist_id}",
  "starred_url": "https://api.github.com/users/hadley/starred{/owner}{/repo}",
  "subscriptions_url": "https://api.github.com/users/hadley/subscriptions",
  "organizations_url": "https://api.github.com/users/hadley/orgs",
  "repos_url": "https://api.github.com/users/hadley/repos",
  "events_url": "https://api.github.com/users/hadley/events{/privacy}",
  "received_events_url": "https://api.github.com/users/hadley/received_events",
  "type": "User",
  "site_admin": false
  },
  "parents": [
              {
              "sha": "5cbce9b2707e0579529998cc5f1d7366f0ee561b",
              "url": "https://api.github.com/repos/tidyverse/ggplot2/commits/5cbce9b2707e0579529998cc5f1d7366f0ee561b",
              "html_url": "https://github.com/tidyverse/ggplot2/commit/5cbce9b2707e0579529998cc5f1d7366f0ee561b"
              }
              ]
  },
  {
  "sha": "5cbce9b2707e0579529998cc5f1d7366f0ee561b",
  "commit": {
  "author": {
  "name": "hadley",
  "email": "h.wickham@gmail.com",
  "date": "2016-11-01T21:26:29Z"
  },
  "committer": {
  "name": "hadley",
  "email": "h.wickham@gmail.com",
  "date": "2016-11-01T21:26:29Z"
  },
  "message": "Use correct describe",
  "tree": {
  "sha": "4b790ee0c49a19175f3b85da3bb91c046aaab4b8",
  "url": "https://api.github.com/repos/tidyverse/ggplot2/git/trees/4b790ee0c49a19175f3b85da3bb91c046aaab4b8"
  },
  "url": "https://api.github.com/repos/tidyverse/ggplot2/git/commits/5cbce9b2707e0579529998cc5f1d7366f0ee561b",
  "comment_count": 0
  },
  "url": "https://api.github.com/repos/tidyverse/ggplot2/commits/5cbce9b2707e0579529998cc5f1d7366f0ee561b",
  "html_url": "https://github.com/tidyverse/ggplot2/commit/5cbce9b2707e0579529998cc5f1d7366f0ee561b",
  "comments_url": "https://api.github.com/repos/tidyverse/ggplot2/commits/5cbce9b2707e0579529998cc5f1d7366f0ee561b/comments",
  "author": {
  "login": "hadley",
  "id": 4196,
  "avatar_url": "https://avatars.githubusercontent.com/u/4196?v=3",
  "gravatar_id": "",
  "url": "https://api.github.com/users/hadley",
  "html_url": "https://github.com/hadley",
  "followers_url": "https://api.github.com/users/hadley/followers",
  "following_url": "https://api.github.com/users/hadley/following{/other_user}",
  "gists_url": "https://api.github.com/users/hadley/gists{/gist_id}",
  "starred_url": "https://api.github.com/users/hadley/starred{/owner}{/repo}",
  "subscriptions_url": "https://api.github.com/users/hadley/subscriptions",
  "organizations_url": "https://api.github.com/users/hadley/orgs",
  "repos_url": "https://api.github.com/users/hadley/repos",
  "events_url": "https://api.github.com/users/hadley/events{/privacy}",
  "received_events_url": "https://api.github.com/users/hadley/received_events",
  "type": "User",
  "site_admin": false
  },
  "committer": {
  "login": "hadley",
  "id": 4196,
  "avatar_url": "https://avatars.githubusercontent.com/u/4196?v=3",
  "gravatar_id": "",
  "url": "https://api.github.com/users/hadley",
  "html_url": "https://github.com/hadley",
  "followers_url": "https://api.github.com/users/hadley/followers",
  "following_url": "https://api.github.com/users/hadley/following{/other_user}",
  "gists_url": "https://api.github.com/users/hadley/gists{/gist_id}",
  "starred_url": "https://api.github.com/users/hadley/starred{/owner}{/repo}",
  "subscriptions_url": "https://api.github.com/users/hadley/subscriptions",
  "organizations_url": "https://api.github.com/users/hadley/orgs",
  "repos_url": "https://api.github.com/users/hadley/repos",
  "events_url": "https://api.github.com/users/hadley/events{/privacy}",
  "received_events_url": "https://api.github.com/users/hadley/received_events",
  "type": "User",
  "site_admin": false
  },
  "parents": [
              {
              "sha": "dce39a09e3e4bd6c72ef082de553edbbb1e67def",
              "url": "https://api.github.com/repos/tidyverse/ggplot2/commits/dce39a09e3e4bd6c72ef082de553edbbb1e67def",
              "html_url": "https://github.com/tidyverse/ggplot2/commit/dce39a09e3e4bd6c72ef082de553edbbb1e67def"
              }
              ]
  },
  {
  "sha": "dce39a09e3e4bd6c72ef082de553edbbb1e67def",
  "commit": {
  "author": {
  "name": "hadley",
  "email": "h.wickham@gmail.com",
  "date": "2016-11-01T20:57:14Z"
  },
  "committer": {
  "name": "hadley",
  "email": "h.wickham@gmail.com",
  "date": "2016-11-01T20:57:14Z"
  },
  "message": "Coord doc tweaks",
  "tree": {
  "sha": "e944c8b09097cb7da39c6d50914fcc0063343ef9",
  "url": "https://api.github.com/repos/tidyverse/ggplot2/git/trees/e944c8b09097cb7da39c6d50914fcc0063343ef9"
  },
  "url": "https://api.github.com/repos/tidyverse/ggplot2/git/commits/dce39a09e3e4bd6c72ef082de553edbbb1e67def",
  "comment_count": 0
  },
  "url": "https://api.github.com/repos/tidyverse/ggplot2/commits/dce39a09e3e4bd6c72ef082de553edbbb1e67def",
  "html_url": "https://github.com/tidyverse/ggplot2/commit/dce39a09e3e4bd6c72ef082de553edbbb1e67def",
  "comments_url": "https://api.github.com/repos/tidyverse/ggplot2/commits/dce39a09e3e4bd6c72ef082de553edbbb1e67def/comments",
  "author": {
  "login": "hadley",
  "id": 4196,
  "avatar_url": "https://avatars.githubusercontent.com/u/4196?v=3",
  "gravatar_id": "",
  "url": "https://api.github.com/users/hadley",
  "html_url": "https://github.com/hadley",
  "followers_url": "https://api.github.com/users/hadley/followers",
  "following_url": "https://api.github.com/users/hadley/following{/other_user}",
  "gists_url": "https://api.github.com/users/hadley/gists{/gist_id}",
  "starred_url": "https://api.github.com/users/hadley/starred{/owner}{/repo}",
  "subscriptions_url": "https://api.github.com/users/hadley/subscriptions",
  "organizations_url": "https://api.github.com/users/hadley/orgs",
  "repos_url": "https://api.github.com/users/hadley/repos",
  "events_url": "https://api.github.com/users/hadley/events{/privacy}",
  "received_events_url": "https://api.github.com/users/hadley/received_events",
  "type": "User",
  "site_admin": false
  },
  "committer": {
  "login": "hadley",
  "id": 4196,
  "avatar_url": "https://avatars.githubusercontent.com/u/4196?v=3",
  "gravatar_id": "",
  "url": "https://api.github.com/users/hadley",
  "html_url": "https://github.com/hadley",
  "followers_url": "https://api.github.com/users/hadley/followers",
  "following_url": "https://api.github.com/users/hadley/following{/other_user}",
  "gists_url": "https://api.github.com/users/hadley/gists{/gist_id}",
  "starred_url": "https://api.github.com/users/hadley/starred{/owner}{/repo}",
  "subscriptions_url": "https://api.github.com/users/hadley/subscriptions",
  "organizations_url": "https://api.github.com/users/hadley/orgs",
  "repos_url": "https://api.github.com/users/hadley/repos",
  "events_url": "https://api.github.com/users/hadley/events{/privacy}",
  "received_events_url": "https://api.github.com/users/hadley/received_events",
  "type": "User",
  "site_admin": false
  },
  "parents": [
              {
              "sha": "6195204314432f74146dd338f97694e232a2dde5",
              "url": "https://api.github.com/repos/tidyverse/ggplot2/commits/6195204314432f74146dd338f97694e232a2dde5",
              "html_url": "https://github.com/tidyverse/ggplot2/commit/6195204314432f74146dd338f97694e232a2dde5"
              }
              ]
  },
  {
  "sha": "6195204314432f74146dd338f97694e232a2dde5",
  "commit": {
  "author": {
  "name": "hadley",
  "email": "h.wickham@gmail.com",
  "date": "2016-11-01T20:34:17Z"
  },
  "committer": {
  "name": "hadley",
  "email": "h.wickham@gmail.com",
  "date": "2016-11-01T20:34:17Z"
  },
  "message": "Doc tweaks for annotations + general reorg",
  "tree": {
  "sha": "8313b990ec46cf7a6ad1721d78b16ff1baab5142",
  "url": "https://api.github.com/repos/tidyverse/ggplot2/git/trees/8313b990ec46cf7a6ad1721d78b16ff1baab5142"
  },
  "url": "https://api.github.com/repos/tidyverse/ggplot2/git/commits/6195204314432f74146dd338f97694e232a2dde5",
  "comment_count": 0
  },
  "url": "https://api.github.com/repos/tidyverse/ggplot2/commits/6195204314432f74146dd338f97694e232a2dde5",
  "html_url": "https://github.com/tidyverse/ggplot2/commit/6195204314432f74146dd338f97694e232a2dde5",
  "comments_url": "https://api.github.com/repos/tidyverse/ggplot2/commits/6195204314432f74146dd338f97694e232a2dde5/comments",
  "author": {
  "login": "hadley",
  "id": 4196,
  "avatar_url": "https://avatars.githubusercontent.com/u/4196?v=3",
  "gravatar_id": "",
  "url": "https://api.github.com/users/hadley",
  "html_url": "https://github.com/hadley",
  "followers_url": "https://api.github.com/users/hadley/followers",
  "following_url": "https://api.github.com/users/hadley/following{/other_user}",
  "gists_url": "https://api.github.com/users/hadley/gists{/gist_id}",
  "starred_url": "https://api.github.com/users/hadley/starred{/owner}{/repo}",
  "subscriptions_url": "https://api.github.com/users/hadley/subscriptions",
  "organizations_url": "https://api.github.com/users/hadley/orgs",
  "repos_url": "https://api.github.com/users/hadley/repos",
  "events_url": "https://api.github.com/users/hadley/events{/privacy}",
  "received_events_url": "https://api.github.com/users/hadley/received_events",
  "type": "User",
  "site_admin": false
  },
  "committer": {
  "login": "hadley",
  "id": 4196,
  "avatar_url": "https://avatars.githubusercontent.com/u/4196?v=3",
  "gravatar_id": "",
  "url": "https://api.github.com/users/hadley",
  "html_url": "https://github.com/hadley",
  "followers_url": "https://api.github.com/users/hadley/followers",
  "following_url": "https://api.github.com/users/hadley/following{/other_user}",
  "gists_url": "https://api.github.com/users/hadley/gists{/gist_id}",
  "starred_url": "https://api.github.com/users/hadley/starred{/owner}{/repo}",
  "subscriptions_url": "https://api.github.com/users/hadley/subscriptions",
  "organizations_url": "https://api.github.com/users/hadley/orgs",
  "repos_url": "https://api.github.com/users/hadley/repos",
  "events_url": "https://api.github.com/users/hadley/events{/privacy}",
  "received_events_url": "https://api.github.com/users/hadley/received_events",
  "type": "User",
  "site_admin": false
  },
  "parents": [
              {
              "sha": "7223b5881c24f35dcd4c625fc83db3a723f589b4",
              "url": "https://api.github.com/repos/tidyverse/ggplot2/commits/7223b5881c24f35dcd4c625fc83db3a723f589b4",
              "html_url": "https://github.com/tidyverse/ggplot2/commit/7223b5881c24f35dcd4c625fc83db3a723f589b4"
              }
              ]
  },
  {
  "sha": "7223b5881c24f35dcd4c625fc83db3a723f589b4",
  "commit": {
  "author": {
  "name": "hadley",
  "email": "h.wickham@gmail.com",
  "date": "2016-11-01T20:26:01Z"
  },
  "committer": {
  "name": "hadley",
  "email": "h.wickham@gmail.com",
  "date": "2016-11-01T20:26:01Z"
  },
  "message": "Guide doc tweaks",
  "tree": {
  "sha": "414b34bcccbc870579f7358f5a095f49b38f7ac3",
  "url": "https://api.github.com/repos/tidyverse/ggplot2/git/trees/414b34bcccbc870579f7358f5a095f49b38f7ac3"
  },
  "url": "https://api.github.com/repos/tidyverse/ggplot2/git/commits/7223b5881c24f35dcd4c625fc83db3a723f589b4",
  "comment_count": 0
  },
  "url": "https://api.github.com/repos/tidyverse/ggplot2/commits/7223b5881c24f35dcd4c625fc83db3a723f589b4",
  "html_url": "https://github.com/tidyverse/ggplot2/commit/7223b5881c24f35dcd4c625fc83db3a723f589b4",
  "comments_url": "https://api.github.com/repos/tidyverse/ggplot2/commits/7223b5881c24f35dcd4c625fc83db3a723f589b4/comments",
  "author": {
  "login": "hadley",
  "id": 4196,
  "avatar_url": "https://avatars.githubusercontent.com/u/4196?v=3",
  "gravatar_id": "",
  "url": "https://api.github.com/users/hadley",
  "html_url": "https://github.com/hadley",
  "followers_url": "https://api.github.com/users/hadley/followers",
  "following_url": "https://api.github.com/users/hadley/following{/other_user}",
  "gists_url": "https://api.github.com/users/hadley/gists{/gist_id}",
  "starred_url": "https://api.github.com/users/hadley/starred{/owner}{/repo}",
  "subscriptions_url": "https://api.github.com/users/hadley/subscriptions",
  "organizations_url": "https://api.github.com/users/hadley/orgs",
  "repos_url": "https://api.github.com/users/hadley/repos",
  "events_url": "https://api.github.com/users/hadley/events{/privacy}",
  "received_events_url": "https://api.github.com/users/hadley/received_events",
  "type": "User",
  "site_admin": false
  },
  "committer": {
  "login": "hadley",
  "id": 4196,
  "avatar_url": "https://avatars.githubusercontent.com/u/4196?v=3",
  "gravatar_id": "",
  "url": "https://api.github.com/users/hadley",
  "html_url": "https://github.com/hadley",
  "followers_url": "https://api.github.com/users/hadley/followers",
  "following_url": "https://api.github.com/users/hadley/following{/other_user}",
  "gists_url": "https://api.github.com/users/hadley/gists{/gist_id}",
  "starred_url": "https://api.github.com/users/hadley/starred{/owner}{/repo}",
  "subscriptions_url": "https://api.github.com/users/hadley/subscriptions",
  "organizations_url": "https://api.github.com/users/hadley/orgs",
  "repos_url": "https://api.github.com/users/hadley/repos",
  "events_url": "https://api.github.com/users/hadley/events{/privacy}",
  "received_events_url": "https://api.github.com/users/hadley/received_events",
  "type": "User",
  "site_admin": false
  },
  "parents": [
              {
              "sha": "39cb017e6fa723a491533bae5ece6a374e90b7cc",
              "url": "https://api.github.com/repos/tidyverse/ggplot2/commits/39cb017e6fa723a491533bae5ece6a374e90b7cc",
              "html_url": "https://github.com/tidyverse/ggplot2/commit/39cb017e6fa723a491533bae5ece6a374e90b7cc"
              }
              ]
  }
  ]